id_componente,codigo,nome,departamento
20005,DCA0451,COMPUTACAO NUMERICA,DEPARTAMENTO DE ENGENHARIA DE COMPUTACAO E AUTOMACAO
20006,DCA0416,SISTEMAS ESPECIALISTAS APLICADOS A AUTOMACAO,DEPARTAMENTO DE ENGENHARIA DE COMPUTACAO E AUTOMACAO
20012,DCA0404,ARQUITETURA DE COMPUTADORES,DEPARTAMENTO DE ENGENHARIA DE COMPUTACAO E AUTOMACAO
20013,DCA0418,SUPERVISAO E CONTROLE OPERACIONAL DE SISTEMAS,DEPARTAMENTO DE ENGENHARIA DE COMPUTACAO E AUTOMACAO
20014,DCA0443,CONTROLADORES LOGICOS PROGRAMAVEIS,DEPARTAMENTO DE ENGENHARIA DE COMPUTACAO E AUTOMACAO
20015,DCA0420,LINGUAGEM DE DESCRICAO DE HARDWARE,DEPARTAMENTO DE ENGENHARIA DE COMPUTACAO E AUTOMACAO
20029,DCA0414,INTRODUCAO A ROBOTICA,DEPARTAMENTO DE ENGENHARIA DE COMPUTACAO E AUTOMACAO
20030,DCA0441,TOPICOS ESPECIAIS EM ROBOTICA,DEPARTAMENTO DE ENGENHARIA DE COMPUTACAO E AUTOMACAO
20031,DCA0440,SISTEMAS ROBOTICOS AUTONOMOS,DEPARTAMENTO DE ENGENHARIA DE COMPUTACAO E AUTOMACAO
20032,DCA0435,COMPUTACAO GRAFICA,DEPARTAMENTO DE ENGENHARIA DE COMPUTACAO E AUTOMACAO
20034,DCA0304,METODOS COMPUTACIONAIS EM ENGENHARIA,DEPARTAMENTO DE ENGENHARIA DE COMPUTACAO E AUTOMACAO
21072,DCA0450,REDES DE COMPUTADORES,DEPARTAMENTO DE ENGENHARIA DE COMPUTACAO E AUTOMACAO
21074,DCA0448,SISTEMAS PARALELOS E DISTRIBUIDOS,DEPARTAMENTO DE ENGENHARIA DE COMPUTACAO E AUTOMACAO
21075,DCA0446,TOPICOS ESPECIAIS EM PROCESSAMENTO DA INFORMACAO,DEPARTAMENTO DE ENGENHARIA DE COMPUTACAO E AUTOMACAO
21076,DCA0454,REDES NEURAIS ARTIFICIAIS,DEPARTAMENTO DE ENGENHARIA DE COMPUTACAO E AUTOMACAO
21077,DCA0431,TEORIA DE CIRCUITOS,DEPARTAMENTO DE ENGENHARIA DE COMPUTACAO E AUTOMACAO
21078,DCA0436,SISTEMAS DE CONTROLE,DEPARTAMENTO DE ENGENHARIA DE COMPUTACAO E AUTOMACAO
21079,DCA0452,CONTROLE DIGITAL,DEPARTAMENTO DE ENGENHARIA DE COMPUTACAO E AUTOMACAO
21081,DCA0447,REDES PARA AUTOMACAO INDUSTRIAL,DEPARTAMENTO DE ENGENHARIA DE COMPUTACAO E AUTOMACAO
21082,DCA0449,TOPICOS ESPECIAIS EM REDES DE COMPUTADORES,DEPARTAMENTO DE ENGENHARIA DE COMPUTACAO E AUTOMACAO
21084,DCA0445,PROCESSAMENTO DIGITAL DE IMAGENS,DEPARTAMENTO DE ENGENHARIA DE COMPUTACAO E AUTOMACAO
21085,DCA0802,TOPICOS ESPECIAIS EM METODOS NUMERICOS PARA ENGENHARIA,DEPARTAMENTO DE ENGENHARIA DE COMPUTACAO E AUTOMACAO
21086,DCA0453,PROCESSAMENTO DIGITAL DE SINAIS,DEPARTAMENTO DE ENGENHARIA DE COMPUTACAO E AUTOMACAO
21088,DCA0803,PROGRAMACAO AVANCADA,DEPARTAMENTO DE ENGENHARIA DE COMPUTACAO E AUTOMACAO
21718,DCA0900,INTELIGENCIA ARTIFICIAL APLICADA,DEPARTAMENTO DE ENGENHARIA DE COMPUTACAO E AUTOMACAO
21719,DCA0432,INTELIGENCIA ARTIFICIAL APLICADA,DEPARTAMENTO DE ENGENHARIA DE COMPUTACAO E AUTOMACAO
21731,DCA0405,MODELOS ORIENTADOS A OBJETO EM AUTOMACAO,DEPARTAMENTO DE ENGENHARIA DE COMPUTACAO E AUTOMACAO
21735,DCA0406,REDES DE COMPUTADORES II,DEPARTAMENTO DE ENGENHARIA DE COMPUTACAO E AUTOMACAO
22365,DCA0372,INTELIGENCIA ARTIFICIAL,DEPARTAMENTO DE ENGENHARIA DE COMPUTACAO E AUTOMACAO
22389,DCA0407,INSTRUMENTACAO PARA CONTROLE E AUTOMACAO,DEPARTAMENTO DE ENGENHARIA DE COMPUTACAO E AUTOMACAO
22393,DCA0370,REDES DIGITAIS DE SERVICOS INTEGRADOS,DEPARTAMENTO DE ENGENHARIA DE COMPUTACAO E AUTOMACAO
22406,DCA0373,REDES NEURONAIS,DEPARTAMENTO DE ENGENHARIA DE COMPUTACAO E AUTOMACAO
22409,DCA0368,SISTEMAS NAO LINEARES,DEPARTAMENTO DE ENGENHARIA DE COMPUTACAO E AUTOMACAO
22421,DCA0371,PROGRAMACAO EM TEMPO REAL,DEPARTAMENTO DE ENGENHARIA DE COMPUTACAO E AUTOMACAO
22429,DCA0408,ACIONAMENTOS PARA CONTROLE E AUTOMACAO,DEPARTAMENTO DE ENGENHARIA DE COMPUTACAO E AUTOMACAO
22431,DCA0444,PROJETO DE SISTEMAS MICROCONTROLADOS,DEPARTAMENTO DE ENGENHARIA DE COMPUTACAO E AUTOMACAO
22796,DCA0403,SISTEMAS DE TRANSMISSAO DE DADOS,DEPARTAMENTO DE ENGENHARIA DE COMPUTACAO E AUTOMACAO
22913,DCA0433,MODELAGEM E ANALISE DE SISTEMAS DINAMICOS,DEPARTAMENTO DE ENGENHARIA DE COMPUTACAO E AUTOMACAO
23537,DCA0429,ANALISE DE SISTEMAS LINEARES,DEPARTAMENTO DE ENGENHARIA DE COMPUTACAO E AUTOMACAO
23546,DCA0801,PROGRAMACAO APLICADA,DEPARTAMENTO DE ENGENHARIA DE COMPUTACAO E AUTOMACAO
23561,DCA0399,METODOS COMPUTACIONAIS PARA ENGENHARIA CIVIL,DEPARTAMENTO DE ENGENHARIA DE COMPUTACAO E AUTOMACAO
23570,DCA0423,PROCESSAMENTO DIGITAL DE SINAIS,DEPARTAMENTO DE ENGENHARIA DE COMPUTACAO E AUTOMACAO
25129,DCA0430,CONTEXTO SOCIAL E PROFISSIONAL DA ENGENHARIA,DEPARTAMENTO DE ENGENHARIA DE COMPUTACAO E AUTOMACAO
25250,DCA0302,LABORATORIO DE UTILIZACAO DE MICROCOMPUTADORES,DEPARTAMENTO DE ENGENHARIA DE COMPUTACAO E AUTOMACAO
25265,DCA0800,ALGORITMOS E LOGICA DE PROGRAMACAO,DEPARTAMENTO DE ENGENHARIA DE COMPUTACAO E AUTOMACAO
25269,DCA0990,ESTAGIO SUPERVISIONADO,DEPARTAMENTO DE ENGENHARIA DE COMPUTACAO E AUTOMACAO
25462,DCA0437,LABORATORIO DE SISTEMAS DE CONTROLE,DEPARTAMENTO DE ENGENHARIA DE COMPUTACAO E AUTOMACAO
25467,DCA0101,CIRCUITOS DIGITAIS,DEPARTAMENTO DE ENGENHARIA DE COMPUTACAO E AUTOMACAO
25468,DCA0102,LABORATORIO DE CIRCUITOS DIGITAIS,DEPARTAMENTO DE ENGENHARIA DE COMPUTACAO E AUTOMACAO
25927,DCA0442,LABORATORIO DE REDES DE COMPUTADORES,DEPARTAMENTO DE ENGENHARIA DE COMPUTACAO E AUTOMACAO
25933,DCA0409,PROGRAMACAO EM TEMPO REAL,DEPARTAMENTO DE ENGENHARIA DE COMPUTACAO E AUTOMACAO
26605,DCA0301,TOPICOS ESPECIAIS EM ENGENHARIA DE COMPUTACAO,DEPARTAMENTO DE ENGENHARIA DE COMPUTACAO E AUTOMACAO
26606,DCA0400,INTRODUCAO A ENGENHARIA DE COMPUTACAO,DEPARTAMENTO DE ENGENHARIA DE COMPUTACAO E AUTOMACAO
26607,DCA0412,TRABALHO DE GRADUACAO,DEPARTAMENTO DE ENGENHARIA DE COMPUTACAO E AUTOMACAO
26608,DCA0415,SISTEMAS INTEGRADOS DE MANUFATURA,DEPARTAMENTO DE ENGENHARIA DE COMPUTACAO E AUTOMACAO
26609,DCA0417,COMANDO NUMERICO,DEPARTAMENTO DE ENGENHARIA DE COMPUTACAO E AUTOMACAO
26610,DCA0419,PROCESSAMENTO PARALELO,DEPARTAMENTO DE ENGENHARIA DE COMPUTACAO E AUTOMACAO
26611,DCA0421,INTRODUCAO AO CAD/CAM,DEPARTAMENTO DE ENGENHARIA DE COMPUTACAO E AUTOMACAO
26612,DCA0422,INFORMATICA INDUSTRIAL,DEPARTAMENTO DE ENGENHARIA DE COMPUTACAO E AUTOMACAO
26613,DCA0991,TRABALHO DE INICIACAO CIENTIFICA IV,DEPARTAMENTO DE ENGENHARIA DE COMPUTACAO E AUTOMACAO
26614,DCA0992,TRABALHO DE INICIACAO CIENTIFICA III,DEPARTAMENTO DE ENGENHARIA DE COMPUTACAO E AUTOMACAO
26615,DCA0993,TRABALHO DE EXTENSAO IV,DEPARTAMENTO DE ENGENHARIA DE COMPUTACAO E AUTOMACAO
26616,DCA0994,TRABALHO DE EXTENSAO III,DEPARTAMENTO DE ENGENHARIA DE COMPUTACAO E AUTOMACAO
26617,DCA0995,TRABALHO DE APOIO TECNICO VI,DEPARTAMENTO DE ENGENHARIA DE COMPUTACAO E AUTOMACAO
26618,DCA0996,TRABALHO DE APOIO TECNICO V,DEPARTAMENTO DE ENGENHARIA DE COMPUTACAO E AUTOMACAO
26619,DCA0997,TRABALHO DE APOIO TECNICO IV,DEPARTAMENTO DE ENGENHARIA DE COMPUTACAO E AUTOMACAO
26620,DCA0998,MONITORIA IV,DEPARTAMENTO DE ENGENHARIA DE COMPUTACAO E AUTOMACAO
26621,DCA0999,MONITORIA III,DEPARTAMENTO DE ENGENHARIA DE COMPUTACAO E AUTOMACAO
40067,DCA0901,TRABALHO DE CONCLUSAO DE CURSO,DEPARTAMENTO DE ENGENHARIA DE COMPUTACAO E AUTOMACAO
40068,DCA0902,ESTAGIO SUPERVISIONADO I,DEPARTAMENTO DE ENGENHARIA DE COMPUTACAO E AUTOMACAO
40069,DCA0903,ATIVIDADE DE CIDADANIA E EMPREENDEDORISMO I,DEPARTAMENTO DE ENGENHARIA DE COMPUTACAO E AUTOMACAO
40070,DCA0904,ATIVIDADE DE CIDADANIA E EMPREENDEDORISMO II,DEPARTAMENTO DE ENGENHARIA DE COMPUTACAO E AUTOMACAO
40071,DCA0905,ESTUDOS AVANCADOS I,DEPARTAMENTO DE ENGENHARIA DE COMPUTACAO E AUTOMACAO
40072,DCA0906,ESTUDOS AVANCADOS II,DEPARTAMENTO DE ENGENHARIA DE COMPUTACAO E AUTOMACAO
40073,DCA0907,ESTUDOS AVANCADOS III,DEPARTAMENTO DE ENGENHARIA DE COMPUTACAO E AUTOMACAO
40074,DCA0908,ESTUDOS AVANCADOS IV,DEPARTAMENTO DE ENGENHARIA DE COMPUTACAO E AUTOMACAO
40075,DCA0909,ESTAGIO SUPERVISIONADO II,DEPARTAMENTO DE ENGENHARIA DE COMPUTACAO E AUTOMACAO
40076,DCA0910,ESTAGIO SUPERVISIONADO III,DEPARTAMENTO DE ENGENHARIA DE COMPUTACAO E AUTOMACAO
40077,DCA0911,PUBLICACAO DE RESUMO CIENTIFICO,DEPARTAMENTO DE ENGENHARIA DE COMPUTACAO E AUTOMACAO
40078,DCA0912,PUBLICACAO DE RESUMO CIENTIFICO II,DEPARTAMENTO DE ENGENHARIA DE COMPUTACAO E AUTOMACAO
40079,DCA0913,PUBLICACAO DE ARTIGO EM CONGRESSO NACIONAL I,DEPARTAMENTO DE ENGENHARIA DE COMPUTACAO E AUTOMACAO
40080,DCA0914,PUBLICACAO DE ARTIGO EM CONGRESSO NACIONAL II,DEPARTAMENTO DE ENGENHARIA DE COMPUTACAO E AUTOMACAO
40081,DCA0915,PUBLICACAO DE ARTIGO EM CONGRESSO INTERNACIONAL I,DEPARTAMENTO DE ENGENHARIA DE COMPUTACAO E AUTOMACAO
40082,DCA0916,PUBLICACAO DE ARTIGO EM CONGRESSO INTERNACIONAL II,DEPARTAMENTO DE ENGENHARIA DE COMPUTACAO E AUTOMACAO
40083,DCA0917,PUBLICACAO DE ARTIGO EM REVISTA NACIONAL I,DEPARTAMENTO DE ENGENHARIA DE COMPUTACAO E AUTOMACAO
40084,DCA0918,PUBLICACAO DE ARTIGO EM REVISTA NACIONAL II,DEPARTAMENTO DE ENGENHARIA DE COMPUTACAO E AUTOMACAO
40085,DCA0919,PUBLICACAO DE ARTIGO EM REVISTA INTERNACIONAL I,DEPARTAMENTO DE ENGENHARIA DE COMPUTACAO E AUTOMACAO
40086,DCA0920,PUBLICACAO DE ARTIGO EM REVISTA INTERNACIONAL II,DEPARTAMENTO DE ENGENHARIA DE COMPUTACAO E AUTOMACAO
40087,DCA0921,ATIVIDADE DE APOIO TECNICO I,DEPARTAMENTO DE ENGENHARIA DE COMPUTACAO E AUTOMACAO
40088,DCA0922,ATIVIDADE DE APOIO TECNICO II,DEPARTAMENTO DE ENGENHARIA DE COMPUTACAO E AUTOMACAO
40089,DCA0923,ATIVIDADE DE APOIO TECNICO III,DEPARTAMENTO DE ENGENHARIA DE COMPUTACAO E AUTOMACAO
40090,DCA0924,ATIVIDADE DE APOIO TECNICO IV,DEPARTAMENTO DE ENGENHARIA DE COMPUTACAO E AUTOMACAO
40091,DCA0925,ATIVIDADE DE MONITORIA I,DEPARTAMENTO DE ENGENHARIA DE COMPUTACAO E AUTOMACAO
40092,DCA0926,ATIVIDADE DE MONITORIA II,DEPARTAMENTO DE ENGENHARIA DE COMPUTACAO E AUTOMACAO
40093,DCA0927,ATIVIDADE DE MONITORIA III,DEPARTAMENTO DE ENGENHARIA DE COMPUTACAO E AUTOMACAO
40094,DCA0928,ATIVIDADE DE MONITORIA IV,DEPARTAMENTO DE ENGENHARIA DE COMPUTACAO E AUTOMACAO
40095,DCA0929,ATIVIDADE DE EXTENSAO UNIVERSITARIA I,DEPARTAMENTO DE ENGENHARIA DE COMPUTACAO E AUTOMACAO
40096,DCA0930,ATIVIDADE DE EXTENSAO UNIVERSITARIA II,DEPARTAMENTO DE ENGENHARIA DE COMPUTACAO E AUTOMACAO
40097,DCA0931,ATIVIDADE DE EXTENSAO UNIVERSITARIA III,DEPARTAMENTO DE ENGENHARIA DE COMPUTACAO E AUTOMACAO
40098,DCA0932,ATIVIDADE DE EXTENSAO UNIVERSITARIA IV,DEPARTAMENTO DE ENGENHARIA DE COMPUTACAO E AUTOMACAO
40099,DCA0933,INICIACAO A PESQUISA CIENTIFICO-TECNOLOGICA I,DEPARTAMENTO DE ENGENHARIA DE COMPUTACAO E AUTOMACAO
40100,DCA0934,INICIACAO A PESQUISA CIENTIFICO-TECNOLOGICA II,DEPARTAMENTO DE ENGENHARIA DE COMPUTACAO E AUTOMACAO
40101,DCA0935,INICIACAO A PESQUISA CIENTIFICO-TECNOLOGICA III,DEPARTAMENTO DE ENGENHARIA DE COMPUTACAO E AUTOMACAO
40102,DCA0936,INICIACAO A PESQUISA CIENTIFICO-TECNOLOGICA IV,DEPARTAMENTO DE ENGENHARIA DE COMPUTACAO E AUTOMACAO
40106,DCA0100,MATEMATICA DISCRETA,DEPARTAMENTO DE ENGENHARIA DE COMPUTACAO E AUTOMACAO
40107,DCA0103,ANALISE DE SINAIS E SISTEMAS,DEPARTAMENTO DE ENGENHARIA DE COMPUTACAO E AUTOMACAO
40108,DCA0104,ARQUITETURA DE COMPUTADORES,DEPARTAMENTO DE ENGENHARIA DE COMPUTACAO E AUTOMACAO
40109,DCA0105,TEORIA DE CIRCUITOS,DEPARTAMENTO DE ENGENHARIA DE COMPUTACAO E AUTOMACAO
40110,DCA0106,COMPUTACAO NUMERICA,DEPARTAMENTO DE ENGENHARIA DE COMPUTACAO E AUTOMACAO
40111,DCA0107,SISTEMAS DE TRANSMISSAO DE DADOS,DEPARTAMENTO DE ENGENHARIA DE COMPUTACAO E AUTOMACAO
40112,DCA0108,SISTEMAS OPERACIONAIS,DEPARTAMENTO DE ENGENHARIA DE COMPUTACAO E AUTOMACAO
40113,DCA0109,PRATICA DE PROGRAMACAO CONCORRENTE,DEPARTAMENTO DE ENGENHARIA DE COMPUTACAO E AUTOMACAO
40114,DCA0110,MODELAGEM E ANALISE DE SISTEMAS DINAMICOS,DEPARTAMENTO DE ENGENHARIA DE COMPUTACAO E AUTOMACAO
40115,DCA0111,ELETRONICA PARA AUTOMACAO INDUSTRIAL,DEPARTAMENTO DE ENGENHARIA DE COMPUTACAO E AUTOMACAO
40116,DCA0112,LABORATORIO DE ELETRONICA,DEPARTAMENTO DE ENGENHARIA DE COMPUTACAO E AUTOMACAO
40117,DCA0113,REDES DE COMPUTADORES,DEPARTAMENTO DE ENGENHARIA DE COMPUTACAO E AUTOMACAO
40118,DCA0114,COMPUTACAO GRAFICA,DEPARTAMENTO DE ENGENHARIA DE COMPUTACAO E AUTOMACAO
40119,DCA0115,OTIMIZACAO DE SISTEMAS,DEPARTAMENTO DE ENGENHARIA DE COMPUTACAO E AUTOMACAO
40120,DCA0116,SISTEMAS DE CONTROLE,DEPARTAMENTO DE ENGENHARIA DE COMPUTACAO E AUTOMACAO
40121,DCA0117,LABORATORIO DE SISTEMA DE CONTROLE,DEPARTAMENTO DE ENGENHARIA DE COMPUTACAO E AUTOMACAO
40122,DCA0118,PROCESSAMENTO DIGITAL DE SINAIS,DEPARTAMENTO DE ENGENHARIA DE COMPUTACAO E AUTOMACAO
40123,DCA0119,SISTEMAS DIGITAIS,DEPARTAMENTO DE ENGENHARIA DE COMPUTACAO E AUTOMACAO
40124,DCA0120,PROJETO E DESENVOLVIMENTO DE SOFTWARE,DEPARTAMENTO DE ENGENHARIA DE COMPUTACAO E AUTOMACAO
40125,DCA0121,INTELIGENCIA ARTIFICIAL APLICADA,DEPARTAMENTO DE ENGENHARIA DE COMPUTACAO E AUTOMACAO
40126,DCA0401,REDES DE SENSORES SEM FIO,DEPARTAMENTO DE ENGENHARIA DE COMPUTACAO E AUTOMACAO
40127,DCA0402,SEGURANCA DE REDES DE COMPUTADORES,DEPARTAMENTO DE ENGENHARIA DE COMPUTACAO E AUTOMACAO
40128,DCA0410,INTRODUÇÃO À CRIPTOGRAFIA,DEPARTAMENTO DE ENGENHARIA DE COMPUTACAO E AUTOMACAO
40129,DCA0411,TOPICOS EM SEGURANCA DA INFORMACAO,DEPARTAMENTO DE ENGENHARIA DE COMPUTACAO E AUTOMACAO
40130,DCA0413,CONTROLE INTELIGENTE,DEPARTAMENTO DE ENGENHARIA DE COMPUTACAO E AUTOMACAO
40131,DCA0439,ROBOTICA EXPERIMENTAL,DEPARTAMENTO DE ENGENHARIA DE COMPUTACAO E AUTOMACAO
41879,ECT1402,MECÂNICA DOS SÓLIDOS,ESCOLA DE CIÊNCIAS E TECNOLOGIA
41880,ECT1403,MECÂNICA DOS FLUIDOS,ESCOLA DE CIÊNCIAS E TECNOLOGIA
41881,ECT1404,ELETRICIDADE APLICADA,ESCOLA DE CIÊNCIAS E TECNOLOGIA
41882,ECT1405,MODELAGEM INTEGRADA,ESCOLA DE CIÊNCIAS E TECNOLOGIA
41883,ECT1406,EXPRESSÃO GRÁFICA,ESCOLA DE CIÊNCIAS E TECNOLOGIA
42245,DCA0424,TÓPICOS ESPECIAIS EM COMPUTAÇÃO PARALELA,DEPARTAMENTO DE ENGENHARIA DE COMPUTACAO E AUTOMACAO
42261,ECT1503,MATEMÁTICA FINANCEIRA,ESCOLA DE CIÊNCIAS E TECNOLOGIA
43343,ECT1910,NEUROBIOLOGIA CELULAR,ESCOLA DE CIÊNCIAS E TECNOLOGIA
43344,ECT1911,NEUROFISIOLOGIA,ESCOLA DE CIÊNCIAS E TECNOLOGIA
43345,ECT1912,SEMINÁRIOS EM NEUROCIÊNCIA,ESCOLA DE CIÊNCIAS E TECNOLOGIA
43346,ECT1913,BIOFÍSICA NEURAL,ESCOLA DE CIÊNCIAS E TECNOLOGIA
43347,ECT1914,SINALIZAÇÃO NEURONAL,ESCOLA DE CIÊNCIAS E TECNOLOGIA
43348,ECT1915,PRINCÍPIOS DE IMAGENS MÉDICAS,ESCOLA DE CIÊNCIAS E TECNOLOGIA
43349,ECT1916,FISIOLOGIA HUMANA,ESCOLA DE CIÊNCIAS E TECNOLOGIA
43350,ECT1917,MATLAB PARA NEUROCIENTISTAS,ESCOLA DE CIÊNCIAS E TECNOLOGIA
43508,ECT1563,"POLÍTICA, PLANEJAMENTO E GESTÃO EM SANEAMENTO",ESCOLA DE CIÊNCIAS E TECNOLOGIA
43509,ECT1562,"POLÍTICAS, PLANEJAMENTO E GESTÃO DO MEIO AMBIENTE",ESCOLA DE CIÊNCIAS E TECNOLOGIA
43510,ECT1558,ÉTICA EM CIÊNCIA E TECNOLOGIA,ESCOLA DE CIÊNCIAS E TECNOLOGIA
43511,ECT1557,EPISTEMOLOGIA DAS CIÊNCIAS DA COGNIÇÃO,ESCOLA DE CIÊNCIAS E TECNOLOGIA
43512,ECT1555,PLANEJAMENTO ESTRATÉGICO E SISTEMAS LOGÍSTICOS,ESCOLA DE CIÊNCIAS E TECNOLOGIA
43513,ECT1556,"HISTÓRIA, FILOSOFIA E EPISTEMOLOGIA DA CIÊNCIA E DA TECNOLOGIA",ESCOLA DE CIÊNCIAS E TECNOLOGIA
43514,ECT1554,FINANÇAS EMPRESARIAIS,ESCOLA DE CIÊNCIAS E TECNOLOGIA
43515,ECT1553,"EMPREENDEDORISMO, NEGÓCIOS E GESTÃO DE PROJETOS INOVADORES",ESCOLA DE CIÊNCIAS E TECNOLOGIA
43517,ECT1552,INSTITUIÇÕES E SERVIÇOS TECNOLÓGICOS,ESCOLA DE CIÊNCIAS E TECNOLOGIA
43518,ECT1551,POLÍTICA DE CIÊNCIA E TECNOLOGIA NO BRASIL,ESCOLA DE CIÊNCIAS E TECNOLOGIA
46635,DCA0201,PARADIGMAS DE PROGRAMAÇÃO,DEPARTAMENTO DE ENGENHARIA DE COMPUTACAO E AUTOMACAO
46636,DCA0202,CIRCUITOS DIGITAIS,DEPARTAMENTO DE ENGENHARIA DE COMPUTACAO E AUTOMACAO
46638,DCA0203,ELETRÔNICA,DEPARTAMENTO DE ENGENHARIA DE COMPUTACAO E AUTOMACAO
46676,DCA0122,INSTRUMENTAÇÃO,DEPARTAMENTO DE ENGENHARIA DE COMPUTACAO E AUTOMACAO
46677,DCA0123,PROGRAMAÇÃO CONCORRENTE E DISTRIBUÍDA,DEPARTAMENTO DE ENGENHARIA DE COMPUTACAO E AUTOMACAO
46678,DCA0124,AUTOMAÇÃO INDUSTRIAL,DEPARTAMENTO DE ENGENHARIA DE COMPUTACAO E AUTOMACAO
46679,DCA0125,SISTEMAS DE TEMPO REAL,DEPARTAMENTO DE ENGENHARIA DE COMPUTACAO E AUTOMACAO
46682,DCA0204,ESTRUTURAS DE DADOS,DEPARTAMENTO DE ENGENHARIA DE COMPUTACAO E AUTOMACAO
46683,DCA0206,SISTEMAS DE CONTROLE,DEPARTAMENTO DE ENGENHARIA DE COMPUTACAO E AUTOMACAO
46684,DCA0425,TÓPICOS ESPECIAIS EM SISTEMAS DE CONTROLE,DEPARTAMENTO DE ENGENHARIA DE COMPUTACAO E AUTOMACAO
46685,DCA0426,TÓPICOS ESPECIAIS EM AUTOMAÇÃO,DEPARTAMENTO DE ENGENHARIA DE COMPUTACAO E AUTOMACAO
46686,DCA0427,CONTROLE DE PROCESSOS,DEPARTAMENTO DE ENGENHARIA DE COMPUTACAO E AUTOMACAO
46687,DCA0428,CONTROLE PREDITIVO,DEPARTAMENTO DE ENGENHARIA DE COMPUTACAO E AUTOMACAO
46688,DCA0434,PROJETO E ANÁLISE DE ALGORITMOS,DEPARTAMENTO DE ENGENHARIA DE COMPUTACAO E AUTOMACAO
47074,ECT1564,GESTÃO ESTRATÉGICA,ESCOLA DE CIÊNCIAS E TECNOLOGIA
47075,ECT1565,ECONOMIA EMPRESARIAL,ESCOLA DE CIÊNCIAS E TECNOLOGIA
47076,ECT1566,GESTÃO DO CONHECIMENTO,ESCOLA DE CIÊNCIAS E TECNOLOGIA
47077,ECT1567,METROLOGIA CIENTÍFICA,ESCOLA DE CIÊNCIAS E TECNOLOGIA
47078,ECT1568,METROLOGIA E  AVALIAÇÃO  DA CONFORMIDADE AMBIENTAL,ESCOLA DE CIÊNCIAS E TECNOLOGIA
47079,ECT1570,DESENVOLVIMENTO DE SISTEMAS PARA INTERNET I,ESCOLA DE CIÊNCIAS E TECNOLOGIA
48566,ECT1571,DESENVOLVIMENTO DE SISTEMAS PARA INTERNET II,ESCOLA DE CIÊNCIAS E TECNOLOGIA
48568,ECT1505,DIVULGAÇÃO DA CIÊNCIA E DA TECNOLOGIA,ESCOLA DE CIÊNCIAS E TECNOLOGIA
48569,ECT1504,INTELIGÊNCIA ARTIFICIAL E ROBÓTICA: HISTÓRIA E FILOSOFIA,ESCOLA DE CIÊNCIAS E TECNOLOGIA
48570,ECT1569,TÓPICOS EM PRÁTICAS AMBIENTAIS,ESCOLA DE CIÊNCIAS E TECNOLOGIA
48571,ECT1506,PLANEJAMENTO E GESTÃO DE PROJETOS DE DESENVOLVIMENTO,ESCOLA DE CIÊNCIAS E TECNOLOGIA
48572,ECT1559,ANÁLISE TÉCNICO-ECONÔMICA DE EMPREENDIMENTOS,ESCOLA DE CIÊNCIAS E TECNOLOGIA
48578,ECT1663,"POLÍTICA, PLANEJAMENTO E GESTÃO EM SANEAMENTO",ESCOLA DE CIÊNCIAS E TECNOLOGIA
48579,ECT1513,INSTRUMENTAÇÃO EM FÍSICA APLICADA COM MICROCONTROLADORES,ESCOLA DE CIÊNCIAS E TECNOLOGIA
48580,ECT1111,MATEMÁTICA BÁSICA,ESCOLA DE CIÊNCIAS E TECNOLOGIA
48581,ECT1112,ÁLGEBRA VETORIAL,ESCOLA DE CIÊNCIAS E TECNOLOGIA
48582,ECT1113,CÁLCULO I,ESCOLA DE CIÊNCIAS E TECNOLOGIA
48583,ECT1211,ÁLGEBRA LINEAR,ESCOLA DE CIÊNCIAS E TECNOLOGIA
48584,ECT1212,CÁLCULO II,ESCOLA DE CIÊNCIAS E TECNOLOGIA
48585,ECT1312,CÁLCULO III,ESCOLA DE CIÊNCIAS E TECNOLOGIA
48586,ECT1214,PRINCÍPIOS E FENÔMENOS DA MECÂNICA,ESCOLA DE CIÊNCIAS E TECNOLOGIA
48587,ECT1314,PRINCÍPIOS E FENÔMENOS TÉRMICOS E ONDULATÓRIOS,ESCOLA DE CIÊNCIAS E TECNOLOGIA
48588,ECT1315,PRINCÍPIOS E FENÔMENOS ELETROMAGNÉTICOS,ESCOLA DE CIÊNCIAS E TECNOLOGIA
48607,DCA0455,TÓPICOS ESPECIAIS EM ENGENHARIA DE COMPUTAÇÃO E AUTOMAÇÃO I,DEPARTAMENTO DE ENGENHARIA DE COMPUTACAO E AUTOMACAO
48608,DCA0456,TÓPICOS ESPECIAIS EM ENGENHARIA DE COMPUTAÇÃO E AUTOMAÇÃO II,DEPARTAMENTO DE ENGENHARIA DE COMPUTACAO E AUTOMACAO
51229,DCA0001,MODELAGEM E IDENTIFICAÇÃO DE SISTEMAS,DEPARTAMENTO DE ENGENHARIA DE COMPUTACAO E AUTOMACAO
51230,DCA0002,SISTEMAS DE CONTROLE,DEPARTAMENTO DE ENGENHARIA DE COMPUTACAO E AUTOMACAO
51231,DCA0003,CONTROLE DE PROCESSOS INDUSTRIAIS,DEPARTAMENTO DE ENGENHARIA DE COMPUTACAO E AUTOMACAO
51232,DCA0004,CONTROLE AVANÇADO DE PROCESSOS INDUSTRIAIS,DEPARTAMENTO DE ENGENHARIA DE COMPUTACAO E AUTOMACAO
51233,DCA0005,INTELIGÊNCIA ARTIFICIAL EM CONTROLE E AUTOMAÇÃO,DEPARTAMENTO DE ENGENHARIA DE COMPUTACAO E AUTOMACAO
51234,DCA0006,AUTOMAÇÃO DE PROCESSOS INDUSTRIAIS,DEPARTAMENTO DE ENGENHARIA DE COMPUTACAO E AUTOMACAO
51235,DCA0007,INSTRUMENTAÇÃO INDUSTRIAL,DEPARTAMENTO DE ENGENHARIA DE COMPUTACAO E AUTOMACAO
51236,DCA0008,REDES PARA AUTOMAÇÃO INDUSTRIAL,DEPARTAMENTO DE ENGENHARIA DE COMPUTACAO E AUTOMACAO
51237,DCA0009,ACIONAMENTOS PARA CONTROLE E AUTOMAÇÃO,DEPARTAMENTO DE ENGENHARIA DE COMPUTACAO E AUTOMACAO
51238,DCA0010,METODOLOGIA DA PESQUISA CIENTIFICA,DEPARTAMENTO DE ENGENHARIA DE COMPUTACAO E AUTOMACAO
51678,ECT1548,TÓPICOS AVANÇADOS EM INFORMÁTICA II,ESCOLA DE CIÊNCIAS E TECNOLOGIA
51679,ECT1549,PROGRAMAÇÃO CORPORATIVA,ESCOLA DE CIÊNCIAS E TECNOLOGIA
51680,ECT1580,TÓPICOS EM DESENVOLVIMENTO SUSTENTÁVEL I,ESCOLA DE CIÊNCIAS E TECNOLOGIA
51681,ECT1581,TÓPICOS EM PRÁTICAS AMBIENTAIS II,ESCOLA DE CIÊNCIAS E TECNOLOGIA
51954,IMD0001,INOVAÇÃO TECNOLÓGICA,INSTITUTO METROPOLE DIGITAL
52247,IMD0002,INOVAÇÃO TECNOLÓGICA,INSTITUTO METROPOLE DIGITAL
52248,IMD0003,PROCESSO E QUALIDADE DE SOFTWARE,INSTITUTO METROPOLE DIGITAL
52249,IMD0004,GERÊNCIA DE PROJETOS,INSTITUTO METROPOLE DIGITAL
52390,IMD0005,INOVAÇÃO TECNOLÓGICA,INSTITUTO METROPOLE DIGITAL
52402,IMD0006,GESTÃO DE PROJETOS DE SOFTWARE,INSTITUTO METROPOLE DIGITAL
52403,IMD0007,TÉCNICAS LÚDICAS PARA ENGAJAMENTO DE USUÁRIOS,INSTITUTO METROPOLE DIGITAL
52404,IMD0008,ENGENHARIA DE REQUISITOS APLICADA,INSTITUTO METROPOLE DIGITAL
52405,IMD0009,ANÁLISE E PROJETO DE SOFTWARE,INSTITUTO METROPOLE DIGITAL
52406,IMD0010,ARQUITETURA DE SOFTWARE,INSTITUTO METROPOLE DIGITAL
52407,IMD0011,BD E MAPEAMENTO OBJETO-RELACIONAL,INSTITUTO METROPOLE DIGITAL
52408,IMD0012,PROCESSO DE TESTES,INSTITUTO METROPOLE DIGITAL
52409,IMD0013,GERENCIAMENTO DE VERSÃO DE SOFTWARE,INSTITUTO METROPOLE DIGITAL
52410,IMD0014,DESENVOLVIMENTO WEB NO LADO SERVIDOR,INSTITUTO METROPOLE DIGITAL
52411,IMD0015,DESENVOLVIMENTO WEB NO LADO CLIENTE,INSTITUTO METROPOLE DIGITAL
52413,IMD0016,PROGRAMAÇÃO DE SERVIÇOS WEB,INSTITUTO METROPOLE DIGITAL
52414,IMD0017,INFRAESTRUTURA E SEGURANÇA DE SERVIÇOS,INSTITUTO METROPOLE DIGITAL
52415,IMD0018,CONCEITOS E APLICAÇÕES PARA COMPUTAÇÃO NA NUVEM,INSTITUTO METROPOLE DIGITAL
52416,IMD0019,MASHUPS - RECRIANDO SISTEMAS ATRAVÉS DA WEB 2.0,INSTITUTO METROPOLE DIGITAL
52417,IMD0020,DESENVOLVIMENTO ÁGIL PARA WEB - DO RUBY AO GROOVY,INSTITUTO METROPOLE DIGITAL
52418,IMD0021,DESENVOLVIMENTO PARA DISPOSITIVOS MÓVEIS I,INSTITUTO METROPOLE DIGITAL
52419,IMD0022,DESENVOLVIMENTO PARA DISPOSITIVOS MÓVEIS II,INSTITUTO METROPOLE DIGITAL
52420,IMD0023,DESIGN DE SOFTWARE COM USABILIDADE E INOVAÇÃO,INSTITUTO METROPOLE DIGITAL
52421,IMD0024,BUSINESS INTELLIGENCE,INSTITUTO METROPOLE DIGITAL
52422,IMD0025,TENDÊNCIAS E DESAFIOS NA INDÚSTRIA DE SOFTWARE,INSTITUTO METROPOLE DIGITAL
52423,IMD0026,MÉTODOS EXPERIMENTAIS NA INDÚSTRIA DE SOFTWARE,INSTITUTO METROPOLE DIGITAL
52426,IMD0027,PROGRAMAÇÃO ORIENTADA A OBJETOS,INSTITUTO METROPOLE DIGITAL
52427,IMD0028,FERRAMENTAS PARA AUTOMAÇÃO DE TESTES,INSTITUTO METROPOLE DIGITAL
52535,IMD0015,TECNOLOGIA DA INFORMAÇÃO E SOCIEDADE,INSTITUTO METROPOLE DIGITAL
52536,IMD0011,CIRCUITOS LÓGICOS,INSTITUTO METROPOLE DIGITAL
52537,IMD0011.0,CIRCUITOS LÓGICOS,INSTITUTO METROPOLE DIGITAL
52538,IMD0011.1,LABORATÓRIO DE CIRCUITOS LÓGICOS,INSTITUTO METROPOLE DIGITAL
52539,IMD0900,MÓDULO BÁSICO,INSTITUTO METROPOLE DIGITAL
52540,IMD0901,INTRODUÇÃO ÀS TECNOLOGIAS DA INFORMAÇÃO,INSTITUTO METROPOLE DIGITAL
52541,IMD0902,INGLES TECNICO I,INSTITUTO METROPOLE DIGITAL
52542,IMD0903,MATEMÁTICA APLICADA,INSTITUTO METROPOLE DIGITAL
52543,IMD0904,LOGICA DE PROGRAMACAO,INSTITUTO METROPOLE DIGITAL
52544,IMD0905,PROGRAMACAO ESTRUTURADA,INSTITUTO METROPOLE DIGITAL
52545,IMD0906,PROGRAMACAO ORIENTADA A OBJETOS,INSTITUTO METROPOLE DIGITAL
52546,IMD0907,CONCEITOS DE ELETRICIDADE,INSTITUTO METROPOLE DIGITAL
52547,IMD0908,SISTEMAS OPERACIONAIS,INSTITUTO METROPOLE DIGITAL
52548,IMD0909,ARQUITETURA DE COMPUTADORES,INSTITUTO METROPOLE DIGITAL
52549,IMD0910,INGLES TECNICO II,INSTITUTO METROPOLE DIGITAL
52550,IMD0911,BANCO DE DADOS,INSTITUTO METROPOLE DIGITAL
52551,IMD0912,DESENVOLVIMENTO DESKTOP,INSTITUTO METROPOLE DIGITAL
52552,IMD0913,DISPOSITIVOS MÓVEIS,INSTITUTO METROPOLE DIGITAL
52553,IMD0914,AUTORIA WEB,INSTITUTO METROPOLE DIGITAL
52554,IMD0915,DESENVOLVIMENTO WEB,INSTITUTO METROPOLE DIGITAL
52555,IMD0916,SISTEMAS DE CONECTIVIDADE,INSTITUTO METROPOLE DIGITAL
52556,IMD0917,INFRA-ESTRUTURA DE REDES,INSTITUTO METROPOLE DIGITAL
52557,IMD0918,REDES DE COMPUTADORES,INSTITUTO METROPOLE DIGITAL
52558,IMD0919,SEGURANÇA EM REDES,INSTITUTO METROPOLE DIGITAL
52559,IMD0920,"EQUIPAMENTOS ELETRÔNICOS, MEDIDAS E TESTES",INSTITUTO METROPOLE DIGITAL
52560,IMD0921,CIRCUITOS ELETRONICOS,INSTITUTO METROPOLE DIGITAL
52561,IMD0922,TECNICAS DE INSTALACAO E MANUTENCAO,INSTITUTO METROPOLE DIGITAL
52562,IMD0923,PROTOTIPAGEM E MONTAGEM DE PLACA DE CIRCUITO IMPRESSO,INSTITUTO METROPOLE DIGITAL
52563,IMD0924,SISTEMAS DIGITAIS,INSTITUTO METROPOLE DIGITAL
52564,IMD0925,PROJETOS DE SISTEMA MICRO-CONTROLADOS,INSTITUTO METROPOLE DIGITAL
52565,IMD0926,PROJETOS DE SISTEMAS RF,INSTITUTO METROPOLE DIGITAL
52566,IMD0950,ESTÁGIO DE INTEGRAÇÃO I,INSTITUTO METROPOLE DIGITAL
52567,IMD0951,ESTÁGIO DE INTEGRAÇÃO II,INSTITUTO METROPOLE DIGITAL
52568,IMD0952,ESTÁGIO DE INTEGRAÇÃO III,INSTITUTO METROPOLE DIGITAL
52569,IMD0953,ESTÁGIO DE INTEGRAÇÃO IV,INSTITUTO METROPOLE DIGITAL
52570,IMD0954,ESTÁGIO DE INTEGRAÇÃO V,INSTITUTO METROPOLE DIGITAL
52571,IMD0955,MONITORIA I,INSTITUTO METROPOLE DIGITAL
52572,IMD0956,MONITORIA II,INSTITUTO METROPOLE DIGITAL
52573,IMD0957,INICIAÇÃO CIENTÍFICA I,INSTITUTO METROPOLE DIGITAL
52574,IMD0958,INICIAÇÃO CIENTÍFICA II,INSTITUTO METROPOLE DIGITAL
52575,IMD0959,INICIAÇÃO CIENTÍFICA III,INSTITUTO METROPOLE DIGITAL
52576,IMD0960,INICIAÇÃO CIENTÍFICA IV,INSTITUTO METROPOLE DIGITAL
52577,IMD0961,PARTICIPAÇÃO EM SEMINÁRIO I,INSTITUTO METROPOLE DIGITAL
52578,IMD0962,PARTICIPAÇÃO EM SEMINÁRIO II,INSTITUTO METROPOLE DIGITAL
52579,IMD0963,APRESENTAÇÃO EM SEMINÁRIO ACADÊMICO I,INSTITUTO METROPOLE DIGITAL
52580,IMD0964,APRESENTAÇÃO EM SEMINÁRIO ACADÊMICO II,INSTITUTO METROPOLE DIGITAL
52581,IMD0965,APRESENTAÇÃO EM SEMINÁRIO ACADÊMICO III,INSTITUTO METROPOLE DIGITAL
52582,IMD0966,PARTICIPAÇÃO EM CONGRESSO I,INSTITUTO METROPOLE DIGITAL
52583,IMD0967,PARTICIPAÇÃO EM CONGRESSO II,INSTITUTO METROPOLE DIGITAL
52584,IMD0968,PARTICIPAÇÃO EM CONGRESSO III,INSTITUTO METROPOLE DIGITAL
52585,IMD0969,PARTICIPAÇÃO EM COMPETIÇÃO CIENTÍFICA E/OU TECNOLÓGICA I,INSTITUTO METROPOLE DIGITAL
52586,IMD0970,PARTICIPAÇÃO EM COMPETIÇÃO CIENTÍFICA E/OU TECNOLÓGICA II,INSTITUTO METROPOLE DIGITAL
52587,IMD0971,PARTICIPAÇÃO EM COMPETIÇÃO CIENTÍFICA E/OU TECNOLÓGICA III,INSTITUTO METROPOLE DIGITAL
52588,IMD0972,PUBLICAÇÃO EM CONGRESSO OU REVISTA CIENTÍFICA LOCAL I,INSTITUTO METROPOLE DIGITAL
52589,IMD0973,PUBLICAÇÃO EM CONGRESSO OU REVISTA CIENTÍFICA LOCAL II,INSTITUTO METROPOLE DIGITAL
52590,IMD0974,PUBLICAÇÃO EM CONGRESSO OU REVISTA CIENTÍFICA LOCAL III,INSTITUTO METROPOLE DIGITAL
52591,IMD0975,PUBLICAÇÃO EM CONGRESSO OU REVISTA CIENTÍFICA NACIONAL I,INSTITUTO METROPOLE DIGITAL
52592,IMD0976,PUBLICAÇÃO EM CONGRESSO OU REVISTA CIENTÍFICA NACIONAL II,INSTITUTO METROPOLE DIGITAL
52593,IMD0977,PUBLICAÇÃO EM CONGRESSO OU REVISTA CIENTÍFICA INTERNACIONAL,INSTITUTO METROPOLE DIGITAL
52594,IMD0978,BOLSA DE EXTENSÃO I,INSTITUTO METROPOLE DIGITAL
52595,IMD0979,BOLSA DE EXTENSÃO II,INSTITUTO METROPOLE DIGITAL
52596,IMD0980,PARTICIPAÇÃO EM PROJETO DE EXTENSÃO I,INSTITUTO METROPOLE DIGITAL
52597,IMD0981,PARTICIPAÇÃO EM PROJETO DE EXTENSÃO II,INSTITUTO METROPOLE DIGITAL
52598,IMD0982,PARTICIPAÇÃO EM PROJETO DE EXTENSÃO III,INSTITUTO METROPOLE DIGITAL
52599,IMD0983,CURSO EM TI OU EMPREENDEDORISMO I,INSTITUTO METROPOLE DIGITAL
52600,IMD0984,CURSO EM TI OU EMPREENDEDORISMO II,INSTITUTO METROPOLE DIGITAL
52601,IMD0985,CURSO EM TI OU EMPREENDEDORISMO III,INSTITUTO METROPOLE DIGITAL
52602,IMD0986,CURSO EM TI OU EMPREENDEDORISMO IV,INSTITUTO METROPOLE DIGITAL
52603,IMD0987,CURSO EM TI OU EMPREENDEDORISMO V,INSTITUTO METROPOLE DIGITAL
52604,IMD0988,CURSO EM TI OU EMPREENDEDORISMO VI,INSTITUTO METROPOLE DIGITAL
52605,IMD0989,PROJETO EM TI I,INSTITUTO METROPOLE DIGITAL
52606,IMD0990,PROJETO EM TI II,INSTITUTO METROPOLE DIGITAL
52607,IMD0991,PARTICIPAÇÃO EM EMPRESA INCUBADA OU JÚNIOR I,INSTITUTO METROPOLE DIGITAL
52608,IMD0992,PARTICIPAÇÃO EM EMPRESA INCUBADA OU JÚNIOR II,INSTITUTO METROPOLE DIGITAL
52609,IMD0993,PARTICIPAÇÃO EM EMPRESA INCUBADA OU JÚNIOR III,INSTITUTO METROPOLE DIGITAL
52610,IMD0994,PARTICIPAÇÃO EM EMPRESA INCUBADA OU JÚNIOR IV,INSTITUTO METROPOLE DIGITAL
52611,IMD0995,CURSO EM TI OU EMPREENDEDORISMO VII,INSTITUTO METROPOLE DIGITAL
52612,IMD0996,ESTÁGIO DE INTEGRAÇÃO VI,INSTITUTO METROPOLE DIGITAL
52650,IMD0012,INTRODUÇÃO ÀS TÉCNICAS DE PROGRAMAÇÃO,INSTITUTO METROPOLE DIGITAL
52651,IMD0012.0,INTRODUÇÃO ÀS TÉCNICAS DE PROGRAMAÇÃO,INSTITUTO METROPOLE DIGITAL
52652,IMD0012.1,PRÁTICAS DE TÉCNICAS DE PROGRAMAÇÃO,INSTITUTO METROPOLE DIGITAL
52653,IMD0013,ELEMENTOS DE MATEMÁTICA PARA COMPUTAÇÃO,INSTITUTO METROPOLE DIGITAL
52654,IMD0013.0,ELEMENTOS DE MATEMÁTICA PARA COMPUTAÇÃO,INSTITUTO METROPOLE DIGITAL
52655,IMD0013.1,PRÁTICAS DE ELEMENTOS DE MATEMÁTICA PARA COMPUTAÇÃO,INSTITUTO METROPOLE DIGITAL
52656,IMD0014,INTRODUÇÃO AO CÁLCULO,INSTITUTO METROPOLE DIGITAL
52657,IMD0016,PRÁTICAS DE LEITURA E ESCRITA EM PORTUGUÊS I,INSTITUTO METROPOLE DIGITAL
52658,IMD0021,ORGANIZAÇÃO E ARQUITETURA DE COMPUTADORES,INSTITUTO METROPOLE DIGITAL
52659,IMD0023,FUNDAMENTOS MATEMÁTICOS DA COMPUTAÇÃO,INSTITUTO METROPOLE DIGITAL
52660,IMD0023.0,FUNDAMENTOS MATEMÁTICOS DA COMPUTAÇÃO,INSTITUTO METROPOLE DIGITAL
52661,IMD0023.1,PRÁTICAS DE FUNDAMENTOS MATEMÁTICOS DA COMPUTAÇÃO,INSTITUTO METROPOLE DIGITAL
52662,IMD0024,CÁLCULO DIFERENCIAL E INTEGRAL I,INSTITUTO METROPOLE DIGITAL
52663,IMD0031,REDES DE COMPUTADORES,INSTITUTO METROPOLE DIGITAL
52664,IMD0033,PROBABILIDADE,INSTITUTO METROPOLE DIGITAL
52665,IMD0034,VETORES E GEOMETRIA ANALÍTICA,INSTITUTO METROPOLE DIGITAL
52666,IMD0036,SISTEMAS OPERACIONAIS,INSTITUTO METROPOLE DIGITAL
52667,IMD0301,ESPECIFICAÇÃO E MODELAGEM DE SISTEMAS EMBARCADOS,INSTITUTO METROPOLE DIGITAL
52668,IMD0302,CIRCUITOS ELETRÔNICOS,INSTITUTO METROPOLE DIGITAL
52669,IMD0303,REDES DE SENSORES,INSTITUTO METROPOLE DIGITAL
52670,IMD0306,PROJETO DE SISTEMAS DIGITAIS I,INSTITUTO METROPOLE DIGITAL
52671,IMD0307,SISTEMAS HÍBRIDOS,INSTITUTO METROPOLE DIGITAL
52672,IMD0308,SISTEMAS EMBARCADOS DE TEMPO REAL,INSTITUTO METROPOLE DIGITAL
52673,IMD0309,INSTRUMENTAÇÃO ELETROELETRÔNICA,INSTITUTO METROPOLE DIGITAL
52674,IMD0310,GERENCIAMENTO DE FLUXO DE PROJETOS,INSTITUTO METROPOLE DIGITAL
52675,IMD0312,DESENVOLVIMENTO EM PLATAFORMAS ESPECÍFICAS,INSTITUTO METROPOLE DIGITAL
52676,IMD0313,TESTES DE CIRCUITOS,INSTITUTO METROPOLE DIGITAL
52677,IMD0314,SENSORES INTELIGENTES,INSTITUTO METROPOLE DIGITAL
52678,IMD0315,CONTROLE DIGITAL,INSTITUTO METROPOLE DIGITAL
52679,IMD0316,PROTOTIPAÇÃO DE CIRCUITOS IMPRESSOS,INSTITUTO METROPOLE DIGITAL
52680,IMD0402,DESIGN DE SOFTWARE I,INSTITUTO METROPOLE DIGITAL
52681,IMD0411,INTRODUÇÃO À GOVERNANÇA E GESTÃO DE TI,INSTITUTO METROPOLE DIGITAL
52682,IMD0406,PROTOCOLO E SERVIÇOS DE INTERNET,INSTITUTO METROPOLE DIGITAL
52683,IMD0407,DESIGN DE SOFTWARE II,INSTITUTO METROPOLE DIGITAL
52684,IMD0408,PROCESSOS DE SOFTWARE,INSTITUTO METROPOLE DIGITAL
52685,IMD0405,FUNDAMENTOS DE SISTEMAS DE INFORMAÇÃO,INSTITUTO METROPOLE DIGITAL
52686,IMD0415,GESTÃO DE INFRAESTRUTURA DE TI,INSTITUTO METROPOLE DIGITAL
52687,IMD0416,SEGURANÇA DA INFORMAÇÃO,INSTITUTO METROPOLE DIGITAL
52688,IMD0417,GESTÃO DE PROJETOS DE SOFTWARE,INSTITUTO METROPOLE DIGITAL
52689,IMD0501,FUNDAMENTOS PEDAGÓGICOS PARA A INFORMÁTICA EDUCACIONAL,INSTITUTO METROPOLE DIGITAL
52690,IMD0502,PROCESSO DE DESENVOLVIMENTO DE SOFTWARE EDUCACIONAL,INSTITUTO METROPOLE DIGITAL
52691,IMD0503,LEVANTAMENTO E MODELAGEM DE REQUISITOS,INSTITUTO METROPOLE DIGITAL
52692,IMD0504,"RELAÇÕES ENTRE COMUNICAÇÃO, MÍDIA E EDUCAÇÃO",INSTITUTO METROPOLE DIGITAL
52693,IMD0505,DESIGN DA INTERAÇÃO HUMANO-COMPUTADOR,INSTITUTO METROPOLE DIGITAL
52694,IMD0506,SISTEMAS COLABORATIVOS DE APOIO À APRENDIZAGEM,INSTITUTO METROPOLE DIGITAL
52695,IMD0507,TECNOLOGIAS EDUCACIONAIS,INSTITUTO METROPOLE DIGITAL
52696,IMD0508,EDUCAÇÃO A DISTÂNCIA,INSTITUTO METROPOLE DIGITAL
52697,IMD0510,ACESSIBILIDADE DIGITAL,INSTITUTO METROPOLE DIGITAL
52698,IMD0511,INTELIGÊNCIA ARTIFICIAL APLICADA À EDUCAÇÃO,INSTITUTO METROPOLE DIGITAL
52699,IMD0512,AVALIAÇÃO DA INTERAÇÃO HUMANO-COMPUTADOR,INSTITUTO METROPOLE DIGITAL
52700,IMD0513,EMPREENDEDORISMO,INSTITUTO METROPOLE DIGITAL
52701,IMD0514,ATIVIDADES COMPLEMENTARES DE INFORMÁTICA EDUCACIONAL,INSTITUTO METROPOLE DIGITAL
52702,IMD0515,TÓPICOS ESPECIAIS EM INFORMÁTICA EDUCACIONAL I,INSTITUTO METROPOLE DIGITAL
52778,IMD0022,ESTRUTURA DE DADOS BÁSICAS I,INSTITUTO METROPOLE DIGITAL
52779,IMD0317,PROJETO INTEGRADO III,INSTITUTO METROPOLE DIGITAL
52780,IMD0311,PROJETO INTEGRADO II,INSTITUTO METROPOLE DIGITAL
52782,IMD0037,PRÁTICAS DE LEITURA E ESCRITA EM INGLÊS,INSTITUTO METROPOLE DIGITAL
52783,IMD0304,PROJETO DE SISTEMAS OPERACIONAIS,INSTITUTO METROPOLE DIGITAL
52784,IMD0026,PRÁTICAS DE LEITURA E ESCRITA EM PORTUGUÊS II,INSTITUTO METROPOLE DIGITAL
52785,IMD0025,LABORATÓRIO DE PROGRAMAÇÃO I,INSTITUTO METROPOLE DIGITAL
52786,IMD0035,LABORATÓRIO DE PROGRAMAÇÃO II,INSTITUTO METROPOLE DIGITAL
52787,IMD0032,ESTRUTURAS DE DADOS BÁSICAS II,INSTITUTO METROPOLE DIGITAL
52788,IMD0412,INTRODUÇÃO AO TESTE DE SOFTWARE,INSTITUTO METROPOLE DIGITAL
52789,IMD0404,DESENVOLVIMENTO DE SISTEMAS WEB I,INSTITUTO METROPOLE DIGITAL
52790,IMD0401,BANCO DE DADOS,INSTITUTO METROPOLE DIGITAL
52791,IMD0409,DESENVOLVIMENTO DE SISTEMAS WEB II,INSTITUTO METROPOLE DIGITAL
52792,IMD0403,PROGRAMAÇÃO COM BANCO DE DADOS,INSTITUTO METROPOLE DIGITAL
52793,IMD0413,DESENVOLVIMENTO PARA AMBIENTE DESKTOP,INSTITUTO METROPOLE DIGITAL
52794,IMD0509,DESENVOLVIMENTO PARA DISPOSITIVOS MÓVEIS,INSTITUTO METROPOLE DIGITAL
52795,IMD0410,PROGRAMAÇÃO CONCORRENTE E DISTRIBUÍDA,INSTITUTO METROPOLE DIGITAL
52796,IMD0414,SISTEMA DE INFORMAÇÃO DISTRIBUÍDO,INSTITUTO METROPOLE DIGITAL
52797,IMD0305,PROJETO INTEGRADO I,INSTITUTO METROPOLE DIGITAL
52969,IMD0318,ATIVIDADES COMPLEMENTARES DE SISTEMAS EMBARCADOS,INSTITUTO METROPOLE DIGITAL
52994,IMD0000,ATIVIDADES COMPLEMENTARES DE TECNOLOGIA DA INFORMAÇÃO,INSTITUTO METROPOLE DIGITAL
52995,IMD0418,ATIVIDADES COMPLEMENTARES DE SISTEMAS DE INFORMAÇÃO DE GESTÃO,INSTITUTO METROPOLE DIGITAL
52996,IMD0516,TÓPICOS ESPECIAIS EM INFORMÁTICA  EDUCACIONAL II,INSTITUTO METROPOLE DIGITAL
53078,ECT1507,RELAÇÕES DE GÊNERO EM CIÊNCIAS E TECNOLOGIA,ESCOLA DE CIÊNCIAS E TECNOLOGIA
53079,ECT1508,"POLÍTICAS, PLANEJAMENTO E GERENCIAMENTO INTEGRADO DOS RECURSOS HÍDRICOS",ESCOLA DE CIÊNCIAS E TECNOLOGIA
53080,ECT1509,TÓPICOS ESPECIAIS EM DESENVOLVIMENTO SUSTENTÁVEL - ARRANJOS PRODUTIVOS LOCAIS (APLS),ESCOLA DE CIÊNCIAS E TECNOLOGIA
54159,IMD0927,AUTOMAÇÃO INDUSTRIAL,INSTITUTO METROPOLE DIGITAL
54160,IMD0928,SENSORES E ATUADORES,INSTITUTO METROPOLE DIGITAL
54161,IMD0929,CONTROLE E SERVOMECANISMOS,INSTITUTO METROPOLE DIGITAL
55019,IMD0017,PRÁTICAS DE LEITURA E ESCRITA EM PORTUGUÊS I,INSTITUTO METROPOLE DIGITAL
55020,IMD0018,PRÁTICAS DE LEITURA EM INGLÊS,INSTITUTO METROPOLE DIGITAL
55021,IMD0027,PRÁTICAS DE LEITURA E ESCRITA EM PORTUGUÊS II,INSTITUTO METROPOLE DIGITAL
55022,IMD0028,FUNDAMENTOS MATEMÁTICOS DA COMPUTAÇÃO I,INSTITUTO METROPOLE DIGITAL
55023,IMD0029,ESTRUTURA DE DADOS BÁSICAS I,INSTITUTO METROPOLE DIGITAL
55024,IMD0030,LINGUAGEM DE PROGRAMAÇÃO I,INSTITUTO METROPOLE DIGITAL
55025,IMD0038,FUNDAMENTOS MATEMÁTICOS DA COMPUTAÇÃO II,INSTITUTO METROPOLE DIGITAL
55026,IMD0039,ESTRUTURAS DE DADOS BÁSICAS II,INSTITUTO METROPOLE DIGITAL
55027,IMD0040,LINGUAGEM DE PROGRAMAÇÃO II,INSTITUTO METROPOLE DIGITAL
55028,IMD0043,REDES DE COMPUTADORES,INSTITUTO METROPOLE DIGITAL
55029,IMD0041,INTRODUÇÃO A ORGANIZAÇÃO E ARQUITETURA DE COMPUTADORES,INSTITUTO METROPOLE DIGITAL
55030,IMD0042,INTRODUÇÃO A SISTEMAS OPERACIONAIS,INSTITUTO METROPOLE DIGITAL
55031,IMD0019,RESOLUÇÃO DE PROBLEMAS MATEMÁTICOS PARA TI,INSTITUTO METROPOLE DIGITAL
55032,IMD0001,ATIVIDADES COMPLEMENTARES DE TECNOLOGIA DA INFORMAÇÃO,INSTITUTO METROPOLE DIGITAL
55036,IMD0319,TEORIA DE CIRCUITOS ELÉTRICOS,INSTITUTO METROPOLE DIGITAL
55037,IMD0323,METODOLOGIAS DE PROJETOS EM SISTEMAS EMBARCADOS,INSTITUTO METROPOLE DIGITAL
55038,IMD0321,PROJETOS BASEADOS EM MICROCONTROLADORES,INSTITUTO METROPOLE DIGITAL
55039,IMD0322,SISTEMAS DIGITAIS RECONFIGURÁVEIS,INSTITUTO METROPOLE DIGITAL
55040,IMD0320,CIRCUITOS ELETRÔNICOS,INSTITUTO METROPOLE DIGITAL
55041,IMD0325,INTRODUÇÃO A SISTEMAS DE CONTROLE,INSTITUTO METROPOLE DIGITAL
55042,IMD0330,REDES DE COMUNICAÇÃO EM SISTEMAS EMBARCADOS,INSTITUTO METROPOLE DIGITAL
55043,IMD0328,TÉCNICAS DE PROTOTIPAÇÃO E MONTAGEM DE CIRCUITOS E SISTEMAS ELETRÔNICOS,INSTITUTO METROPOLE DIGITAL
55044,IMD0326,PROCESSAMENTO DIGITAL DE SINAIS,INSTITUTO METROPOLE DIGITAL
55045,IMD0331,DESENVOLVIMENTO EM PLATAFORMAS EMBARCADAS,INSTITUTO METROPOLE DIGITAL
55046,IMD0332,ARQUITETURAS AVANÇADAS DE COMPUTADORES,INSTITUTO METROPOLE DIGITAL
55047,IMD0333,PROJETO DE SOFTWARE E TESTES EM SISTEMAS EMBARCADOS,INSTITUTO METROPOLE DIGITAL
55048,IMD0334,SENSORES INTELIGENTES,INSTITUTO METROPOLE DIGITAL
55049,IMD0335,TÓPICOS ESPECIAIS I,INSTITUTO METROPOLE DIGITAL
55050,IMD0336,TÓPICOS ESPECIAIS II,INSTITUTO METROPOLE DIGITAL
55051,IMD0337,TI VERDE,INSTITUTO METROPOLE DIGITAL
55052,IMD0419,COMPUTAÇÃO EM NUVEM,INSTITUTO METROPOLE DIGITAL
55053,IMD0420,TÓPICOS AVANÇADOS EM GOVERNANÇA DE TI,INSTITUTO METROPOLE DIGITAL
55054,IMD0421,GESTÃO DA MUDANÇA ORGANIZACIONAL,INSTITUTO METROPOLE DIGITAL
55055,IMD0517,FUNDAMENTOS PEDAGÓGICOS PARA A INFORMÁTICA EDUCACIONAL I,INSTITUTO METROPOLE DIGITAL
55056,IMD0518,FUNDAMENTOS PEDAGÓGICOS PARA A INFORMÁTICA EDUCACIONAL II,INSTITUTO METROPOLE DIGITAL
55057,IMD0519,APRENDIZAGEM BASEADA EM PROJETOS,INSTITUTO METROPOLE DIGITAL
55058,IMD0520,DESIGN INSTRUCIONAL PARA TI,INSTITUTO METROPOLE DIGITAL
55059,IMD0521,FUNDAMENTOS DE JOGOS DIGITAIS,INSTITUTO METROPOLE DIGITAL
55060,IMD0522,JOGOS DIGITAIS COMO FERRAMENTA PEDAGÓGICA,INSTITUTO METROPOLE DIGITAL
55061,IMD0602,FERRAMENTAS PARA ANÁLISE DE SEQUÊNCIAS,INSTITUTO METROPOLE DIGITAL
55062,IMD0603,TECNOLOGIAS EM LARGA ESCALA I,INSTITUTO METROPOLE DIGITAL
55074,IMD0422,SISTEMAS DE INTELIGÊNCIA EMPRESARIAL,INSTITUTO METROPOLE DIGITAL
55082,IMD0020,TECNOLOGIA DA INFORMAÇÃO E SOCIEDADE,INSTITUTO METROPOLE DIGITAL
55083,IMD0423,DESIGN DE SOFTWARE I,INSTITUTO METROPOLE DIGITAL
55084,IMD0523,TECNOLOGIAS EDUCACIONAIS,INSTITUTO METROPOLE DIGITAL
55085,IMD0524,EDUCAÇÃO A DISTÂNCIA,INSTITUTO METROPOLE DIGITAL
55094,IMD0324,PROJETO INTEGRADO I,INSTITUTO METROPOLE DIGITAL
55095,IMD0327,PROJETO INTEGRADO II,INSTITUTO METROPOLE DIGITAL
55096,IMD0329,PROJETO INTEGRADO III,INSTITUTO METROPOLE DIGITAL
55136,IMD0930,MATEMÁTICA APLICADA,INSTITUTO METROPOLE DIGITAL
55137,IMD0931,LÓGICA DE PROGRAMAÇÃO,INSTITUTO METROPOLE DIGITAL
55141,IMD0997,CURSO EM TI OU EMPREENDEDORISMO VIII,INSTITUTO METROPOLE DIGITAL
55142,IMD0998,CURSO EM TI OU EMPREENDEDORISMO IX,INSTITUTO METROPOLE DIGITAL
55143,IMD0999,CURSO EM TI OU EMPREENDEDORISMO X,INSTITUTO METROPOLE DIGITAL
55144,IMD1000,SEMINÁRIOS DE INTEGRAÇÃO I,INSTITUTO METROPOLE DIGITAL
55145,IMD1001,SEMINÁRIOS DE INTEGRAÇÃO II,INSTITUTO METROPOLE DIGITAL
55146,IMD1002,SEMINÁRIOS DE INTEGRAÇÃO III,INSTITUTO METROPOLE DIGITAL
55612,DCA0126,CONTROLE FUZZY DE SISTEMAS DINÂMICOS,DEPARTAMENTO DE ENGENHARIA DE COMPUTACAO E AUTOMACAO
55613,IMD1003,CURSO EM TI OU EMPREENDEDORISMO XI,INSTITUTO METROPOLE DIGITAL
56269,IMD0044,PRÁTICAS DE LEITURA E ESCRITA EM INGLÊS,INSTITUTO METROPOLE DIGITAL
57058,DCA0011,MODELAGEM DE SISTEMAS DINÂMICOS,DEPARTAMENTO DE ENGENHARIA DE COMPUTACAO E AUTOMACAO
57059,DCA0012,SISTEMAS DE CONTROLE,DEPARTAMENTO DE ENGENHARIA DE COMPUTACAO E AUTOMACAO
57060,DCA0013,AUTOMAÇÃO DE PROCESSOS INDUSTRIAIS,DEPARTAMENTO DE ENGENHARIA DE COMPUTACAO E AUTOMACAO
57061,DCA0014,METODOLOGIA DE PESQUISA CIENTÍFICA,DEPARTAMENTO DE ENGENHARIA DE COMPUTACAO E AUTOMACAO
57062,DCA0015,INTRODUÇÃO À MATEMÁTICA E COMPUTAÇÃO,DEPARTAMENTO DE ENGENHARIA DE COMPUTACAO E AUTOMACAO
57586,ECT2101,PRÉ-CÁLCULO,ESCOLA DE CIÊNCIAS E TECNOLOGIA
57587,ECT2103,CÁLCULO I,ESCOLA DE CIÊNCIAS E TECNOLOGIA
57588,ECT2201,CÁLCULO II,ESCOLA DE CIÊNCIAS E TECNOLOGIA
57589,ECT2202,ÁLGEBRA LINEAR,ESCOLA DE CIÊNCIAS E TECNOLOGIA
57590,ECT2301,CÁLCULO III,ESCOLA DE CIÊNCIAS E TECNOLOGIA
57591,ECT2207,PROBABILIDADE E ESTATÍSTICA,ESCOLA DE CIÊNCIAS E TECNOLOGIA
57592,ECT2204,INTRODUÇÃO À FÍSICA CLÁSSICA I,ESCOLA DE CIÊNCIAS E TECNOLOGIA
57593,ECT2304,INTRODUÇÃO À FÍSICA CLÁSSICA II,ESCOLA DE CIÊNCIAS E TECNOLOGIA
57594,ECT2402,INTRODUÇÃO À FÍSICA CLÁSSICA III,ESCOLA DE CIÊNCIAS E TECNOLOGIA
57595,ECT2307,FÍSICA EXPERIMENTAL I,ESCOLA DE CIÊNCIAS E TECNOLOGIA
57596,ECT2403,FÍSICA EXPERIMENTAL II,ESCOLA DE CIÊNCIAS E TECNOLOGIA
57597,ECT2203,LÓGICA DE PROGRAMAÇÃO,ESCOLA DE CIÊNCIAS E TECNOLOGIA
57598,ECT2303,LINGUAGEM DE PROGRAMAÇÃO,ESCOLA DE CIÊNCIAS E TECNOLOGIA
57599,ECT2401,COMPUTAÇÃO NUMÉRICA,ESCOLA DE CIÊNCIAS E TECNOLOGIA
57600,ECT2104,QUÍMICA GERAL,ESCOLA DE CIÊNCIAS E TECNOLOGIA
57601,ECT2532,PRÁTICAS DE LEITURA E ESCRITA DE GÊNEROS ACADÊMICOS EM INGLÊS,ESCOLA DE CIÊNCIAS E TECNOLOGIA
57602,ECT2105,PRÁTICAS DE LEITURA E ESCRITA I,ESCOLA DE CIÊNCIAS E TECNOLOGIA
57603,ECT2205,PRÁTICAS DE LEITURA E ESCRITA II,ESCOLA DE CIÊNCIAS E TECNOLOGIA
57604,ECT2305,PRÁTICA DE LEITURA EM INGLÊS,ESCOLA DE CIÊNCIAS E TECNOLOGIA
57605,ECT2106,"CIÊNCIA, TECNOLOGIA E SOCIEDADE",ESCOLA DE CIÊNCIAS E TECNOLOGIA
57606,ECT2206,"GESTÃO E ECONOMIA DA CIÊNCIA, TECNOLOGIA E INOVAÇÃO",ESCOLA DE CIÊNCIAS E TECNOLOGIA
57607,ECT2306,MEIO AMBIENTE E DESENVOLVIMENTO URBANO,ESCOLA DE CIÊNCIAS E TECNOLOGIA
57617,ECT2501,COMUNICAÇÃO PÚBLICA DA CIÊNCIA E DA TECNOLOGIA,ESCOLA DE CIÊNCIAS E TECNOLOGIA
57618,ECT2503,POLÍTICA CIENTÍFICA E TECNOLÓGICA,ESCOLA DE CIÊNCIAS E TECNOLOGIA
57619,ECT2510,COGNIÇÃO ARTIFICIAL E SISTEMAS EMERGENTES,ESCOLA DE CIÊNCIAS E TECNOLOGIA
57620,ECT2520,ECONOMIA AMBIENTAL,ESCOLA DE CIÊNCIAS E TECNOLOGIA
57621,ECT2500,INTRODUÇÃO ÀS ENGENHARIAS,ESCOLA DE CIÊNCIAS E TECNOLOGIA
57622,ECT2522,TÓPICOS ESPECIAIS EM DESENVOLVIMENTO SUSTENTÁVEL,ESCOLA DE CIÊNCIAS E TECNOLOGIA
57623,ECT2302,METODOLOGIA CIENTÍFICA E TECNOLÓGICA,ESCOLA DE CIÊNCIAS E TECNOLOGIA
57624,ECT2411,CIÊNCIA E TECNOLOGIA DOS MATERIAIS,ESCOLA DE CIÊNCIAS E TECNOLOGIA
57625,ECT2413,MECÂNICA DOS FLUIDOS,ESCOLA DE CIÊNCIAS E TECNOLOGIA
57626,ECT2412,MECÂNICA DOS SÓLIDOS,ESCOLA DE CIÊNCIAS E TECNOLOGIA
57627,ECT2416,EXPRESSÃO GRÁFICA,ESCOLA DE CIÊNCIAS E TECNOLOGIA
57628,ECT2414,ELETRICIDADE APLICADA,ESCOLA DE CIÊNCIAS E TECNOLOGIA
57629,ECT2415,EQUAÇÕES DIFERENCIAIS,ESCOLA DE CIÊNCIAS E TECNOLOGIA
57630,ECT2502,DIMENSÕES FILOSÓFICAS DA TECNOLOGIA MODERNA,ESCOLA DE CIÊNCIAS E TECNOLOGIA
57631,ECT2600,INSTRUMENTAÇÃO EM FÍSICA APLICADA COM MICROCONTROLADORES,ESCOLA DE CIÊNCIAS E TECNOLOGIA
57806,IMD0100,TÓPICOS ESPECIAIS EM TECNOLOGIA DA INFORMAÇÃO I,INSTITUTO METROPOLE DIGITAL
57807,IMD0101,TÓPICOS ESPECIAIS EM TECNOLOGIA DA INFORMAÇÃO II,INSTITUTO METROPOLE DIGITAL
58347,IMD0029,INTRODUÇÃO A COMPUTAÇÃO MÓVEL E UBÍQUA,INSTITUTO METROPOLE DIGITAL
58348,IMD0030,DESENVOLVIMENTO PARA DISPOSITIVOS MÓVEIS I (ANDROID),INSTITUTO METROPOLE DIGITAL
58349,IMD0031,DESIGN E USABILIDADE EM APLICAÇÕES MÓVEIS,INSTITUTO METROPOLE DIGITAL
58350,IMD0032,SERVIÇOS E COMPUTAÇÃO NA NUVEM,INSTITUTO METROPOLE DIGITAL
58351,IMD0033,DESENVOLVIMENTO PARA DISPOSITIVOS MÓVEIS II (ANDROID AVANÇADO),INSTITUTO METROPOLE DIGITAL
58352,IMD0034,REDES MÓVEIS,INSTITUTO METROPOLE DIGITAL
58353,IMD0035,DESENVOLVIMENTO PARA DISPOSITIVOS MÓVEIS III (WINDOWS PHONE),INSTITUTO METROPOLE DIGITAL
58354,IMD0036,COMUNICAÇÃO SEM FIO,INSTITUTO METROPOLE DIGITAL
58355,IMD0037,DESENVOLVIMENTO PARA DISPOSITIVOS MÓVEIS IV (IOS),INSTITUTO METROPOLE DIGITAL
58356,IMD0038,DESENVOLVIMENTO PARA DISPOSITIVOS MÓVEIS V (HTML5 E TECNOLOGIAS HÍBRIDAS),INSTITUTO METROPOLE DIGITAL
58409,IMD0039,JOGOS PARA DISPOSITIVOS MÓVEIS,INSTITUTO METROPOLE DIGITAL
58410,IMD0040,TÓPICOS AVANÇADOS EM COMPUTAÇÃO MÓVEL I,INSTITUTO METROPOLE DIGITAL
58477,IMD0041,TÓPICOS AVANÇADOS EM COMPUTAÇÃO MÓVEL II,INSTITUTO METROPOLE DIGITAL
59594,DCA1202,PROGRAMAÇAO AVANÇADA,DEPARTAMENTO DE ENGENHARIA DE COMPUTACAO E AUTOMACAO
59732,IMD0102,TÓPICOS ESPECIAIS EM TECNOLOGIA DA INFORMAÇÃO III,INSTITUTO METROPOLE DIGITAL
59733,IMD0103,TÓPICOS ESPECIAIS EM TECNOLOGIA DA INFORMAÇÃO IV,INSTITUTO METROPOLE DIGITAL
59734,IMD0104,TÓPICOS ESPECIAIS EM TECNOLOGIA DA INFORMAÇÃO V,INSTITUTO METROPOLE DIGITAL
59735,IMD0105,TÓPICOS ESPECIAIS EM TECNOLOGIA DA INFORMAÇÃO VI,INSTITUTO METROPOLE DIGITAL
59736,IMD0106,TÓPICOS ESPECIAIS EM TECNOLOGIA DA INFORMAÇÃO VII,INSTITUTO METROPOLE DIGITAL
59737,IMD0107,TÓPICOS ESPECIAIS EM TECNOLOGIA DA INFORMAÇÃO VIII,INSTITUTO METROPOLE DIGITAL
59738,IMD0108,TÓPICOS ESPECIAIS EM TECNOLOGIA DA INFORMAÇÃO IX,INSTITUTO METROPOLE DIGITAL
59739,IMD0109,TÓPICOS ESPECIAIS EM TECNOLOGIA DA INFORMAÇÃO X,INSTITUTO METROPOLE DIGITAL
59794,DCA0127,TOPICOS ESPECIAIS EM MICROELETRONICA,DEPARTAMENTO DE ENGENHARIA DE COMPUTACAO E AUTOMACAO
60727,ECT2511,PRÁTICAS DE STARTUP I,ESCOLA DE CIÊNCIAS E TECNOLOGIA
60728,ECT2513,GESTÃO EM TECNOLOGIAS DE RUPTURA,ESCOLA DE CIÊNCIAS E TECNOLOGIA
60729,ECT2514,ANÁLISE DE DECISÃO,ESCOLA DE CIÊNCIAS E TECNOLOGIA
60730,ECT2516,PRÁTICAS DE STARTUP II,ESCOLA DE CIÊNCIAS E TECNOLOGIA
60733,ECT2518,MINERAÇÃO DE DADOS,ESCOLA DE CIÊNCIAS E TECNOLOGIA
60878,ECT2519,DESENVOLVIMENTO DE NOVOS NEGÓCIOS E PROCESSOS PROCESSOS INVENTIVOS,ESCOLA DE CIÊNCIAS E TECNOLOGIA
60879,ECT2521,PROJETOS COM MICROCONTROLADORES E MINICOMPUTADORES,ESCOLA DE CIÊNCIAS E TECNOLOGIA
60880,ECT2523,PROTOTIPAGEM MECÂNICA RÁPIDA E DE CIRCUITOS,ESCOLA DE CIÊNCIAS E TECNOLOGIA
60881,ECT2524,INTRODUÇÃO À OTIMIZAÇÃO,ESCOLA DE CIÊNCIAS E TECNOLOGIA
60882,ECT2525,DESENVOLVIMENTO PARA DISPOSITIVOS MÓVEIS,ESCOLA DE CIÊNCIAS E TECNOLOGIA
60883,ECT2526,DESENVOLVIMENTO DE SISTEMAS PARA INTERNET,ESCOLA DE CIÊNCIAS E TECNOLOGIA
60885,ECT2527,BANCOS DE DADOS PARA WEB,ESCOLA DE CIÊNCIAS E TECNOLOGIA
60898,DCA0128,FUNDAMENTOS DE REDES PARA AUTOMAÇÃO,DEPARTAMENTO DE ENGENHARIA DE COMPUTACAO E AUTOMACAO
61083,IMD0250,"TÓPICOS ESPECIAIS EM INFORMÁTICA EDUCACIONAL ""A",INSTITUTO METROPOLE DIGITAL
61084,IMD0251,"TÓPICOS ESPECIAIS EM INFORMÁTICA EDUCACIONAL ""B",INSTITUTO METROPOLE DIGITAL
61085,IMD0252,"TÓPICOS ESPECIAIS EM INFORMÁTICA EDUCACIONAL ""C",INSTITUTO METROPOLE DIGITAL
61086,IMD0253,"TÓPICOS ESPECIAIS EM INFORMÁTICA EDUCACIONAL ""D",INSTITUTO METROPOLE DIGITAL
61087,IMD0254,"TÓPICOS ESPECIAIS EM INFORMÁTICA EDUCACIONAL ""E",INSTITUTO METROPOLE DIGITAL
61093,IMD0255,"TÓPICOS ESPECIAIS EM INFORMÁTICA EDUCACIONAL ""F",INSTITUTO METROPOLE DIGITAL
61094,IMD0256,"TÓPICOS ESPECIAIS EM INFORMÁTICA EDUCACIONAL ""G",INSTITUTO METROPOLE DIGITAL
61095,IMD0240,"TÓPICOS ESPECIAIS EM SISTEMAS DE INFORMAÇÃO DE GESTÃO ""A",INSTITUTO METROPOLE DIGITAL
61096,IMD0241,"TÓPICOS ESPECIAIS EM SISTEMAS DE INFORMAÇÃO DE GESTÃO ""B",INSTITUTO METROPOLE DIGITAL
61097,IMD0242,"TÓPICOS ESPECIAIS EM SISTEMAS DE INFORMAÇÃO DE GESTÃO ""C",INSTITUTO METROPOLE DIGITAL
61098,IMD0243,"TÓPICOS ESPECIAIS EM SISTEMAS DE INFORMAÇÃO DE GESTÃO ""D",INSTITUTO METROPOLE DIGITAL
61099,IMD0244,"TÓPICOS ESPECIAIS EM SISTEMAS DE INFORMAÇÃO DE GESTÃO ""E",INSTITUTO METROPOLE DIGITAL
61100,IMD0245,"TÓPICOS ESPECIAIS EM SISTEMAS DE INFORMAÇÃO DE GESTÃO ""F",INSTITUTO METROPOLE DIGITAL
61101,IMD0246,"TÓPICOS ESPECIAIS EM SISTEMAS DE INFORMAÇÃO DE GESTÃO ""G",INSTITUTO METROPOLE DIGITAL
61102,IMD0230,"TÓPICOS ESPECIAIS EM SISTEMAS EMBARCADOS ""A",INSTITUTO METROPOLE DIGITAL
61103,IMD0231,"TÓPICOS ESPECIAIS EM SISTEMAS EMBARCADOS ""B",INSTITUTO METROPOLE DIGITAL
61104,IMD0232,"TÓPICOS ESPECIAIS EM SISTEMAS EMBARCADOS ""C",INSTITUTO METROPOLE DIGITAL
61105,IMD0233,"TÓPICOS ESPECIAIS EM SISTEMAS EMBARCADOS ""D",INSTITUTO METROPOLE DIGITAL
61106,IMD0234,"TÓPICOS ESPECIAIS EM SISTEMAS EMBARCADOS ""E",INSTITUTO METROPOLE DIGITAL
61107,IMD0235,"TÓPICOS ESPECIAIS EM SISTEMAS EMBARCADOS ""F",INSTITUTO METROPOLE DIGITAL
61108,IMD0236,"TÓPICOS ESPECIAIS EM SISTEMAS EMBARCADOS ""G",INSTITUTO METROPOLE DIGITAL
61109,IMD0260,"TÓPICOS ESPECIAIS EM BIOINFORMÁTICA ""A",INSTITUTO METROPOLE DIGITAL
61110,IMD0261,"TÓPICOS ESPECIAIS EM BIOINFORMÁTICA ""B",INSTITUTO METROPOLE DIGITAL
61111,IMD0262,"TÓPICOS ESPECIAIS EM BIOINFORMÁTICA ""C",INSTITUTO METROPOLE DIGITAL
61112,IMD0263,"TÓPICOS ESPECIAIS EM BIOINFORMÁTICA ""D",INSTITUTO METROPOLE DIGITAL
61113,IMD0264,"TÓPICOS ESPECIAIS EM BIOINFORMÁTICA ""E",INSTITUTO METROPOLE DIGITAL
61114,IMD0265,"TÓPICOS ESPECIAIS EM BIOINFORMÁTICA ""F",INSTITUTO METROPOLE DIGITAL
61115,IMD0266,"TÓPICOS ESPECIAIS EM BIOINFORMÁTICA ""G",INSTITUTO METROPOLE DIGITAL
61116,IMD0270,"TÓPICOS ESPECIAIS EM REDES DE COMPUTADORES ""A",INSTITUTO METROPOLE DIGITAL
61117,IMD0271,"TÓPICOS ESPECIAIS EM REDES DE COMPUTADORES ""B",INSTITUTO METROPOLE DIGITAL
61118,IMD0272,"TÓPICOS ESPECIAIS EM REDES DE COMPUTADORES ""C",INSTITUTO METROPOLE DIGITAL
61119,IMD0273,"TÓPICOS ESPECIAIS EM REDES DE COMPUTADORES ""D",INSTITUTO METROPOLE DIGITAL
61120,IMD0274,"TÓPICOS ESPECIAIS EM REDES DE COMPUTADORES ""E",INSTITUTO METROPOLE DIGITAL
61121,IMD0275,"TÓPICOS ESPECIAIS EM REDES DE COMPUTADORES ""F",INSTITUTO METROPOLE DIGITAL
61122,IMD0276,"TÓPICOS ESPECIAIS EM REDES DE COMPUTADORES ""G",INSTITUTO METROPOLE DIGITAL
61129,IMD0701,ADMINISTRAÇÃO DE SISTEMAS OPERACIONAIS PARA REDES,INSTITUTO METROPOLE DIGITAL
61130,IMD0705,PRINCÍPIOS DE LEGISLAÇÃO APLICÁVEIS À TECNOLOGIA DA INFORMAÇÃO E COMUNICAÇÃO DE DADOS,INSTITUTO METROPOLE DIGITAL
61131,IMD1000,TREINAMENTO BÁSICO PARA COMPETIÇÕES DE PROGRAMAÇÃO,INSTITUTO METROPOLE DIGITAL
61132,IMD0822,PROJETO DE INOVAÇÃO TECNOLÓGICA,INSTITUTO METROPOLE DIGITAL
61230,IMD0075,DESENVOLVIMENTO DE WEB SERVICES,INSTITUTO METROPOLE DIGITAL
61366,ECT2540,PROGRAMAÇÃO ORIENTADA A OBJETOS,ESCOLA DE CIÊNCIAS E TECNOLOGIA
61669,DCA0016,PROGRAMAÇÃO ORIENTADOS À OBJETOS,DEPARTAMENTO DE ENGENHARIA DE COMPUTACAO E AUTOMACAO
61734,DCA0017,ANÁLISE E PROJETO ORIENTADOS À OBJETOS,DEPARTAMENTO DE ENGENHARIA DE COMPUTACAO E AUTOMACAO
61735,DCA0018,BANCO DE DADOS,DEPARTAMENTO DE ENGENHARIA DE COMPUTACAO E AUTOMACAO
61758,DCA0019,DESIGN E AVALIAÇÃO DE INTERFACES DE USUÁRIO,DEPARTAMENTO DE ENGENHARIA DE COMPUTACAO E AUTOMACAO
61759,DCA0020,PROGRAMAÇÃO WEB,DEPARTAMENTO DE ENGENHARIA DE COMPUTACAO E AUTOMACAO
61760,DCA0021,DESENVOLVIMENTO ÁGIL,DEPARTAMENTO DE ENGENHARIA DE COMPUTACAO E AUTOMACAO
61761,DCA0022,QUALIDADE E EVOLUÇÃO DE SOFTWARE,DEPARTAMENTO DE ENGENHARIA DE COMPUTACAO E AUTOMACAO
61762,DCA0023,COMPUTAÇÃO MÓVEL,DEPARTAMENTO DE ENGENHARIA DE COMPUTACAO E AUTOMACAO
61763,DCA0024,GERENCIAMENTO DE PROJETOS,DEPARTAMENTO DE ENGENHARIA DE COMPUTACAO E AUTOMACAO
61823,DCA0025,ARQUITETURA ORIENTADA A SERVIÇOS,DEPARTAMENTO DE ENGENHARIA DE COMPUTACAO E AUTOMACAO
61824,DCA0026,METODOLOGIA DO TRABALHO CIENTÍFICO,DEPARTAMENTO DE ENGENHARIA DE COMPUTACAO E AUTOMACAO
62408,IMD0076,FUNDAMENTOS DE BIG DATA E BUSINESS INTELLIGENCE,INSTITUTO METROPOLE DIGITAL
62409,IMD0077,FUNDAMENTOS DE BIG DATA E BUSINESS INTELLIGENCE,INSTITUTO METROPOLE DIGITAL
62410,IMD0078,NUVENS COMPUTACIONAIS: INFRAESTRUTURA E SERVIÇOS,INSTITUTO METROPOLE DIGITAL
62411,IMD0079,PROGRAMAÇÃO CIENTÍFICA PARA BIG DATA,INSTITUTO METROPOLE DIGITAL
62412,IMD0080,ANÁLISE ESTATÍSTICA PARA BIG DATA,INSTITUTO METROPOLE DIGITAL
62413,IMD0081,APRENDIZAGEM DE MÁQUINA PARA BIG DATA,INSTITUTO METROPOLE DIGITAL
62414,IMD0082,MINERAÇÃO DE DADOS,INSTITUTO METROPOLE DIGITAL
62415,IMD0083,COMPUTAÇÃO DE ALTO-DESEMPENHO PARA BIG DATA,INSTITUTO METROPOLE DIGITAL
62416,IMD0084,TÉCNICAS DE VISUALIZAÇÃO DE BIG DATA,INSTITUTO METROPOLE DIGITAL
62417,IMD0085,PLATAFORMAS COMPUTACIONAIS PARA BIG DATA,INSTITUTO METROPOLE DIGITAL
62418,IMD0086,ARMAZENAMENTO DE BIG DATA,INSTITUTO METROPOLE DIGITAL
62419,IMD0087,LINGUAGENS DE SCRIPT PARA BIG DATA,INSTITUTO METROPOLE DIGITAL
62822,IMD0088,FUNDAMENTOS DE BIG DATA E BUSINESS INTELLIGENCE,INSTITUTO METROPOLE DIGITAL
62823,IMD0089,NUVENS COMPUTACIONAIS: INFRAESTRUTURA E SERVIÇOS PARA BIG DATA,INSTITUTO METROPOLE DIGITAL
62824,IMD0090,ANÁLISE ESTATÍSTICA PARA BIG DATA,INSTITUTO METROPOLE DIGITAL
62825,IMD0091,TÉCNICAS DE VISUALIZAÇÃO DE BIG DATA,INSTITUTO METROPOLE DIGITAL
62826,ECT2601,PRÁTICAS DE STARTUP TECNOLÓGICA 1,ESCOLA DE CIÊNCIAS E TECNOLOGIA
62827,ECT2701,INTERNET DAS COISAS,ESCOLA DE CIÊNCIAS E TECNOLOGIA
62877,DCA0129,INTRODUÇÃO A MICROELETRÔNICA ANALÓGICA,DEPARTAMENTO DE ENGENHARIA DE COMPUTACAO E AUTOMACAO
62886,IMD0702,SERVIÇOS DE REDE E TRANSPORTE,INSTITUTO METROPOLE DIGITAL
62887,IMD0703,SEGURANÇA DE REDES,INSTITUTO METROPOLE DIGITAL
62888,IMD0704,ADMINISTRAÇÃO DE SERVIÇOS DE REDES PARA INTERNET,INSTITUTO METROPOLE DIGITAL
63256,ECT2602,PRÁTICAS DE STARTUP TECNOLÓGICA 2,ESCOLA DE CIÊNCIAS E TECNOLOGIA
63258,ECT2603,TÓPICOS AVANÇADOS EM NEGÓCIOS TECNOLÓGICOS 1,ESCOLA DE CIÊNCIAS E TECNOLOGIA
63259,ECT2604,TÓPICOS AVANÇADOS EM NEGÓCIOS TECNOLÓGICOS 2,ESCOLA DE CIÊNCIAS E TECNOLOGIA
63260,ECT2605,ARRANJOS PRODUTIVOS TECNOLÓGICOS,ESCOLA DE CIÊNCIAS E TECNOLOGIA
63262,ECT2606,TEORIA PARA RESOLUÇÃO INVENTIVA DE PROBLEMAS,ESCOLA DE CIÊNCIAS E TECNOLOGIA
63331,ECT2702,TÓPICOS AVANÇADOS EM INFORMÁTICA I,ESCOLA DE CIÊNCIAS E TECNOLOGIA
63333,ECT2703,TÓPICOS AVANÇADOS EM INFORMÁTICA II,ESCOLA DE CIÊNCIAS E TECNOLOGIA
63664,ECT2512,FUNDAMENTOS DE PROPRIEDADE INTELECTUAL E TRANSFERÊNCIA DE TECNOLOGIA,ESCOLA DE CIÊNCIAS E TECNOLOGIA
63665,ECT2517,MODELAGEM DE RISCO,ESCOLA DE CIÊNCIAS E TECNOLOGIA
63678,IMD0092,INOVAÇÃO TECNOLÓGICA: PROCESSOS E AVALIAÇÃO DE IMPACTO,INSTITUTO METROPOLE DIGITAL
63679,IMD0093,ESTUDOS DA ESTRUTURA DO PODER JUDICIÁRIO E SUAS TECNOLOGIAS,INSTITUTO METROPOLE DIGITAL
63680,IMD0094,BANCO DE DADOS,INSTITUTO METROPOLE DIGITAL
63681,IMD0095,BUSINESS INTELLIGENCE E MINERAÇÃO DE DADOS,INSTITUTO METROPOLE DIGITAL
63682,IMD0096,GESTÃO DE PROJETOS DE SOFTWARE,INSTITUTO METROPOLE DIGITAL
63683,IMD0097,GESTÃO DE PROJETOS,INSTITUTO METROPOLE DIGITAL
63684,IMD0098,GESTÃO DE PROJETOS,INSTITUTO METROPOLE DIGITAL
63685,IMD0099,GOVERNANÇA DE TI,INSTITUTO METROPOLE DIGITAL
63686,IMD0100,SEGURANÇA DA INFORMAÇÃO,INSTITUTO METROPOLE DIGITAL
63687,IMD0101,REDAÇÃO DE DOCUMENTOS,INSTITUTO METROPOLE DIGITAL
63688,IMD0102,ENGENHARIA DE REQUISITOS APLICADA,INSTITUTO METROPOLE DIGITAL
63689,IMD0103,ARQUITETURA E PROJETO DE SOFTWARE,INSTITUTO METROPOLE DIGITAL
63690,IMD0104,PROGRAMAÇÃO ORIENTADA A OBJETOS E MAPEAMENTO OBJETO-RELACIONAL,INSTITUTO METROPOLE DIGITAL
63691,IMD0105,DESENVOLVIMENTO WEB 2,INSTITUTO METROPOLE DIGITAL
63692,IMD0106,DESENVOLVIMENTO WEB 1,INSTITUTO METROPOLE DIGITAL
63693,IMD0107,DESENVOLVIMENTO PARA DISPOSITIVOS MÓVEIS,INSTITUTO METROPOLE DIGITAL
63694,IMD0108,GERENCIAMENTO DE VERSÃO DE SOFTWARE,INSTITUTO METROPOLE DIGITAL
63695,IMD0109,TESTE DE SOFTWARE,INSTITUTO METROPOLE DIGITAL
63696,IMD0110,DESENVOLVIMENTO WEB 1,INSTITUTO METROPOLE DIGITAL
63698,IMD0111,DATACENTERS,INSTITUTO METROPOLE DIGITAL
63699,IMD0112,GESTÃO DE REDES E SERVIÇOS CORPORATIVOS,INSTITUTO METROPOLE DIGITAL
63700,IMD0113,INTRODUÇÃO A REDES DE COMPUTADORES,INSTITUTO METROPOLE DIGITAL
63701,IMD0114,SERVIÇOS PARA A INTERNET,INSTITUTO METROPOLE DIGITAL
63702,IMD0115,TELEFONIA IP E REDES SEM FIO,INSTITUTO METROPOLE DIGITAL
63703,IMD0116,COMPUTAÇÃO EM NUVEM,INSTITUTO METROPOLE DIGITAL
63704,IMD0117,SEGURANÇA EM REDES,INSTITUTO METROPOLE DIGITAL
63705,IMD0118,ADMINISTRAÇÃO DE REDES DE COMPUTADORES,INSTITUTO METROPOLE DIGITAL
63706,IMD0119,APRENDIZADO BASEADO EM PROJETO 1,INSTITUTO METROPOLE DIGITAL
63707,IMD0120,APRENDIZADO BASEADO EM PROJETO 2,INSTITUTO METROPOLE DIGITAL
63708,IMD0121,APRENDIZADO BASEADO EM PROJETO 3,INSTITUTO METROPOLE DIGITAL
63709,IMD0122,APRENDIZADO BASEADO EM PROJETO 4,INSTITUTO METROPOLE DIGITAL
63710,IMD0123,APRENDIZADO BASEADO EM PROJETO 5,INSTITUTO METROPOLE DIGITAL
63711,IMD0124,APRENDIZADO BASEADO EM PROJETO 6,INSTITUTO METROPOLE DIGITAL
63712,IMD0125,ADMINISTRAÇÃO DE REDES DE COMPUTADORES,INSTITUTO METROPOLE DIGITAL
63932,IMD0707,TECNOLOGIAS DE COMUNICAÇÃO DE DADOS,INSTITUTO METROPOLE DIGITAL
63933,IMD0708,PROGRAMAÇÃO EM HARDWARE DE REDES,INSTITUTO METROPOLE DIGITAL
63934,IMD0725,DESENVOLVIMENTO DE PROJETOS DE REDES DE COMPUTADORES,INSTITUTO METROPOLE DIGITAL
63935,IMD0110,TÓPICOS ESPECIAIS EM TECNOLOGIA DA INFORMAÇÃO XI,INSTITUTO METROPOLE DIGITAL
63936,IMD0601,BIOESTATÍSTICA,INSTITUTO METROPOLE DIGITAL
63937,IMD0709,PROJETO INTEGRADOR DE REDES I,INSTITUTO METROPOLE DIGITAL
64733,IMD1068,PRÁTICAS AVANÇADAS EM CLP,INSTITUTO METROPOLE DIGITAL
65101,IMD0712,GERÊNCIA DE REDES,INSTITUTO METROPOLE DIGITAL
65102,IMD0801,MECÂNICAS E BALANCEAMENTO DE JOGOS,INSTITUTO METROPOLE DIGITAL
65103,IMD0920,TECNOLOGIA DA INFORMAÇÃO NA SAÚDE,INSTITUTO METROPOLE DIGITAL
65104,IMD0211,PROGRAMAÇÃO FUNCIONAL,INSTITUTO METROPOLE DIGITAL
65159,IMD0138,ESTUDOS DA ESTRUTURA DO CONTROLE EXTERNO E SUAS TECNOLOGIAS,INSTITUTO METROPOLE DIGITAL
65932,IMD0139,REALIDADE VIRTUAL E AUMENTADA,INSTITUTO METROPOLE DIGITAL
66011,IMD1069,CURSO DESPERTAR - EDUCAÇÃO EMPREENDENDORA SEBRAE,INSTITUTO METROPOLE DIGITAL
66436,IMD1002,ANÁLISE COMBINATÓRIA,INSTITUTO METROPOLE DIGITAL
66437,IMD0121,ARQUITETURA DE COMPUTADORES,INSTITUTO METROPOLE DIGITAL
66438,IMD1003,GEOMETRIA EUCLIDIANA,INSTITUTO METROPOLE DIGITAL
66439,IMD0425,INFRAESTRUTURA WEB,INSTITUTO METROPOLE DIGITAL
66440,IMD1004,PENSAMENTO COMPUTACIONAL,INSTITUTO METROPOLE DIGITAL
66441,IMD1001,MATEMÁTICA ELEMENTAR,INSTITUTO METROPOLE DIGITAL
66443,IMD0424,SEGURANÇA NO DESENVOLVIMENTO DE SOFTWARE,INSTITUTO METROPOLE DIGITAL
66444,IMD1012,INTRODUÇÃO ÀS TÉCNICAS DE PROGRAMAÇÃO,INSTITUTO METROPOLE DIGITAL
66469,DCA0216,SISTEMAS DE CONTROLE,DEPARTAMENTO DE ENGENHARIA DE COMPUTACAO E AUTOMACAO
66470,DCA0216.0,SISTEMAS DE CONTROLE - TEORIA,DEPARTAMENTO DE ENGENHARIA DE COMPUTACAO E AUTOMACAO
66471,DCA0216.1,SISTEMAS DE CONTROLE - LABORATÓRIO,DEPARTAMENTO DE ENGENHARIA DE COMPUTACAO E AUTOMACAO
66472,DCA0212,CIRCUITOS DIGITAIS,DEPARTAMENTO DE ENGENHARIA DE COMPUTACAO E AUTOMACAO
66473,DCA0212.0,CIRCUITOS DIGITAIS - TEORIA,DEPARTAMENTO DE ENGENHARIA DE COMPUTACAO E AUTOMACAO
66474,DCA0212.1,CIRCUITOS DIGITAIS - LABORATÓRIO,DEPARTAMENTO DE ENGENHARIA DE COMPUTACAO E AUTOMACAO
66475,DCA0214,ESTRUTURAS DE DADOS,DEPARTAMENTO DE ENGENHARIA DE COMPUTACAO E AUTOMACAO
66476,DCA0214.0,ESTRUTURAS DE DADOS - TEORIA,DEPARTAMENTO DE ENGENHARIA DE COMPUTACAO E AUTOMACAO
66477,DCA0214.1,ESTRUTURAS DE DADOS - LABORATÓRIO,DEPARTAMENTO DE ENGENHARIA DE COMPUTACAO E AUTOMACAO
66481,IMD0811,MOTORES DE JOGOS DIGITAIS,INSTITUTO METROPOLE DIGITAL
66482,IMD0605,SEMINÁRIOS EM BIOINFORMÁTICA,INSTITUTO METROPOLE DIGITAL
66483,DCA0130,REDES DE COMPUTADORES,DEPARTAMENTO DE ENGENHARIA DE COMPUTACAO E AUTOMACAO
66484,DCA0131,CIÊNCIA DE DADOS,DEPARTAMENTO DE ENGENHARIA DE COMPUTACAO E AUTOMACAO
66485,DCA0132,ENGENHARIA DE DADOS,DEPARTAMENTO DE ENGENHARIA DE COMPUTACAO E AUTOMACAO
66502,DCA0133,APRENDIZAGEM DE MÁQUINA E MINERAÇÃO DE DADOS,DEPARTAMENTO DE ENGENHARIA DE COMPUTACAO E AUTOMACAO
66665,IMD0606,PROJETO EM BIOINFORMÁTICA,INSTITUTO METROPOLE DIGITAL
66666,IMD0111,TÓPICOS ESPECIAIS EM TECNOLOGIA DA INFORMAÇÃO XII,INSTITUTO METROPOLE DIGITAL
68375,ECT2607,TECNOLOGIAS SOCIAIS,ESCOLA DE CIÊNCIAS E TECNOLOGIA
68476,IMD0212,INGLÊS NÍVEL BÁSICO,INSTITUTO METROPOLE DIGITAL
68477,IMD0905,CIÊNCIA DE DADOS I,INSTITUTO METROPOLE DIGITAL
68478,IMD0803,JOGOS SÉRIOS E SIMULAÇÕES,INSTITUTO METROPOLE DIGITAL
68479,IMD0530,"SOFTWARE LIVRE, EDUCAÇÃO E CULTURA",INSTITUTO METROPOLE DIGITAL
68482,IMD0531,PRÁTICAS EDUCACIONAIS INOVADORAS COM TECNOLOGIAS DIGITAIS,INSTITUTO METROPOLE DIGITAL
68510,IMD0821,TÉCNICAS AVANÇADAS PARA MOTORES DE JOGOS DIGITAIS,INSTITUTO METROPOLE DIGITAL
2044850,BCT0101,MATEMATICA PARA CIÊNCIAS E TECNOLOGIA I,ESCOLA DE CIÊNCIAS E TECNOLOGIA
2044851,BCT0102,MECÂNICA CLÁSSICA PARA CIÊNCIAS E TECNOLOGIA,ESCOLA DE CIÊNCIAS E TECNOLOGIA
2044852,BCT0103,QUIMICA TECNOLOGICA,ESCOLA DE CIÊNCIAS E TECNOLOGIA
2044853,BCT0202,PRÁTICA MECÂNICA,ESCOLA DE CIÊNCIAS E TECNOLOGIA
2044854,BCT0203,PRÁTICA DE QUIMICA,ESCOLA DE CIÊNCIAS E TECNOLOGIA
2045000,BCT0301,INGLÊS INSTRUMENTAL,ESCOLA DE CIÊNCIAS E TECNOLOGIA
2045001,BCT0901,ATIVIDADES COMPLEMENTARES I,ESCOLA DE CIÊNCIAS E TECNOLOGIA
2045002,BCT0104,MATEMATICA PARA CIENCIAS E TECNOLOGIA II,ESCOLA DE CIÊNCIAS E TECNOLOGIA
2045003,BCT0105,ALGEBRA LINEAR APLICADA,ESCOLA DE CIÊNCIAS E TECNOLOGIA
2045004,BCT0106,ELETRICIDADE E MAGNETISMO PARA CIENCIAS E TECNOLOGIA,ESCOLA DE CIÊNCIAS E TECNOLOGIA
2045005,BCT0206,PRATICA DE ELETRICIDADE E MAGNETISMO,ESCOLA DE CIÊNCIAS E TECNOLOGIA
2045006,BCT0107,ALGORITMOS E PROGRAMAÇÃO,ESCOLA DE CIÊNCIAS E TECNOLOGIA
2045007,BCT0207,PRATICA DE PROGRAMAÇÃO,ESCOLA DE CIÊNCIAS E TECNOLOGIA
2045008,BCT0302,ECOLOGIA E MEIO AMBIENTE,ESCOLA DE CIÊNCIAS E TECNOLOGIA
2045009,BCT0108,CALCULO APLICADO,ESCOLA DE CIÊNCIAS E TECNOLOGIA
2045010,BCT0109,PROBABILIDADE E ESTATISTICA,ESCOLA DE CIÊNCIAS E TECNOLOGIA
2045011,BCT0110,TERMODINAMICA,ESCOLA DE CIÊNCIAS E TECNOLOGIA
2045012,BCT0111,COMPUTAÇÃO NUMERICA PARA CIÊNCIAS E TECNOLOGIA,ESCOLA DE CIÊNCIAS E TECNOLOGIA
2045013,BCT0211,PRATICA DE COMPUTAÇÃO NUMERICA,ESCOLA DE CIÊNCIAS E TECNOLOGIA
2045014,BCT0303,METODOLOGIA CIENTIFICA,ESCOLA DE CIÊNCIAS E TECNOLOGIA
2045015,BCT0304,ECONOMIA E NEGOCIOS,ESCOLA DE CIÊNCIAS E TECNOLOGIA
2045016,BCT0112,CIENCIA E TECNOLOGIA DOS MATERIAIS,ESCOLA DE CIÊNCIAS E TECNOLOGIA
2045017,BCT0113,MECANICA DOS SOLIDOS PARA CIÊNCIAS E TECNOLOGIA,ESCOLA DE CIÊNCIAS E TECNOLOGIA
2045018,BCT0114,MECANICA DOS FLUIDOS PARA CIENCIAS E TECNOLOGIA,ESCOLA DE CIÊNCIAS E TECNOLOGIA
2045019,BCT0115,ELETROTECNICA PARA CIENCIA E TECNOLOGIA,ESCOLA DE CIÊNCIAS E TECNOLOGIA
2045020,BCT0215,PRATICA DE ELETROTECNICA,ESCOLA DE CIÊNCIAS E TECNOLOGIA
2045021,BCT0305,EXPRESSAO GRAFICA,ESCOLA DE CIÊNCIAS E TECNOLOGIA
2045022,BCT0902,ATIVIDADES COMPLEMENTARES II,ESCOLA DE CIÊNCIAS E TECNOLOGIA
2045023,BCT0116,ESTRUTURAS DE DADOS,ESCOLA DE CIÊNCIAS E TECNOLOGIA
2045024,BCT0216,PRATICA DE ESTRUTURAS DE DADOS,ESCOLA DE CIÊNCIAS E TECNOLOGIA
2045025,BCT0117,METODOS ESTATISTICOS PARA CIENCIA E TECNOLOGIA,ESCOLA DE CIÊNCIAS E TECNOLOGIA
2045026,BCT0118,SISTEMA TERRA,ESCOLA DE CIÊNCIAS E TECNOLOGIA
2045027,BCT0119,ONDAS E OTICA,ESCOLA DE CIÊNCIAS E TECNOLOGIA
2045028,BCT0219,PRATICA DE ONDAS E OTICA,ESCOLA DE CIÊNCIAS E TECNOLOGIA
2045029,BCT0306,HISTORIA DA CIENCIA,ESCOLA DE CIÊNCIAS E TECNOLOGIA
2050800,ECT1101,FUNDAMENTOS DE MATEMÁTICA,ESCOLA DE CIÊNCIAS E TECNOLOGIA
2050801,ECT1102,CÁLCULO I,ESCOLA DE CIÊNCIAS E TECNOLOGIA
2051000,ECT1104,QUÍMICA TECNOLÓGICA,ESCOLA DE CIÊNCIAS E TECNOLOGIA
2051001,ECT1103,INFORMÁTICA FUNDAMENTAL,ESCOLA DE CIÊNCIAS E TECNOLOGIA
2051002,ECT1105,PRÁTICA DE LEITURA E ESCRITA,ESCOLA DE CIÊNCIAS E TECNOLOGIA
2051003,ECT1106,CIÊNCIA TECNOLOGIA E SOCIEDADE I,ESCOLA DE CIÊNCIAS E TECNOLOGIA
2051005,ECT2102,VETORES E GEOMETRIA ANALÍTICA,ESCOLA DE CIÊNCIAS E TECNOLOGIA
2051006,ECT1204,PRINCÍPIOS E FENÔMENOS DA MECÂNICA,ESCOLA DE CIÊNCIAS E TECNOLOGIA
2051007,ECT1203,LINGUAGEM DE PROGRAMAÇÃO,ESCOLA DE CIÊNCIAS E TECNOLOGIA
2051008,ECT1201,ALGEBRA LINEAR,ESCOLA DE CIÊNCIAS E TECNOLOGIA
2051052,ECT1202,CÁLCULO II,ESCOLA DE CIÊNCIAS E TECNOLOGIA
2051700,ECT1205,PRÁTICA DE LEITURA E ESCRITA II,ESCOLA DE CIÊNCIAS E TECNOLOGIA
2051701,ECT1206,CIÊNCIA TECNOLOGIA E SOCIEDADE II,ESCOLA DE CIÊNCIAS E TECNOLOGIA
2051702,ECT1301,PROBABILIDADE E ESTATÍSTICA,ESCOLA DE CIÊNCIAS E TECNOLOGIA
2051703,ECT1302,CÁLCULO APLICADO,ESCOLA DE CIÊNCIAS E TECNOLOGIA
2051704,ECT1303,COMPUTAÇÃO NUMÉRICA,ESCOLA DE CIÊNCIAS E TECNOLOGIA
2051705,ECT1304,PRINCÍPIOS E FENÔMENOS TÉRMICOS E ONDULATÓRIOS,ESCOLA DE CIÊNCIAS E TECNOLOGIA
2051706,ECT1305,PRINCÍPIOS E FENÔMENOS ELETROMAGNÉTICOS,ESCOLA DE CIÊNCIAS E TECNOLOGIA
2051707,ECT1306,"CIÊNCIA, TECNOLOGIA E SOCIEDADE III",ESCOLA DE CIÊNCIAS E TECNOLOGIA
2051708,ECT1307,PRÁTICAS DE LEITURA E ESCRITA EM INGLÊS,ESCOLA DE CIÊNCIAS E TECNOLOGIA
2051709,ECT1530,PRÁTICAS DE LEITURA E ESCRITA DE GÊNEROS ACADÊMICOS,ESCOLA DE CIÊNCIAS E TECNOLOGIA
2051710,ECT1531,PRÁTICAS DE LEITURA E ESCRITA DE GÊNEROS DA ESFERA PROFISSIONAL,ESCOLA DE CIÊNCIAS E TECNOLOGIA
2051711,ECT1532,PRÁTICA DE LEITURA E ESCRITA DE GÊNEROS ACADÊMICOS EM INGLÊS,ESCOLA DE CIÊNCIAS E TECNOLOGIA
2051712,ECT1401,CIÊNCIA E TECNOLOGIA DOS MATERIAIS,ESCOLA DE CIÊNCIAS E TECNOLOGIA
2051713,ECT1510,NOVAS FRONTEIRAS EM CIÊNCIAS E TECNOLOGIA,ESCOLA DE CIÊNCIAS E TECNOLOGIA
2051714,ECT1511,FUNDAMENTOS E APLICAÇÕES DA MECÂNICA QUÂNTICA,ESCOLA DE CIÊNCIAS E TECNOLOGIA
2051715,ECT1512,CIÊNCIAS E INSTRUMENTAÇÃO,ESCOLA DE CIÊNCIAS E TECNOLOGIA
2051750,ECT1540,PROGRAMAÇÃO ORIENTADA A OBJETOS,ESCOLA DE CIÊNCIAS E TECNOLOGIA
2051751,ECT1541,ESTRUTURA DE DADOS,ESCOLA DE CIÊNCIAS E TECNOLOGIA
2051752,ECT1542,SISTEMAS DISTRIBUIDOS,ESCOLA DE CIÊNCIAS E TECNOLOGIA
2051753,ECT1543,BANCO DE DADOS,ESCOLA DE CIÊNCIAS E TECNOLOGIA
2051754,ECT1544,ENGENHARIA DE SOFTWARE,ESCOLA DE CIÊNCIAS E TECNOLOGIA
2051755,ECT1545,ARQUITETURA DE SOFTWARE,ESCOLA DE CIÊNCIAS E TECNOLOGIA
2051756,ECT1546,QUALIDADE DE SOFTWARE,ESCOLA DE CIÊNCIAS E TECNOLOGIA
2051757,ECT1547,TÓPICOS AVANÇADOS EM INFORMÁTICA,ESCOLA DE CIÊNCIAS E TECNOLOGIA
2051758,ECT1500,MÉTODOS ESTATÍSTICOS,ESCOLA DE CIÊNCIAS E TECNOLOGIA
2051759,ECT1502,INTRODUÇÃO À INFERÊNCIA ESTATÍSTICA,ESCOLA DE CIÊNCIAS E TECNOLOGIA
2051760,ECT1520,SISTEMAS DINÂMICOS,ESCOLA DE CIÊNCIAS E TECNOLOGIA
2051761,ECT1521,RACIOCÍNIO LÓGICO E TEORIA DOS JOGOS,ESCOLA DE CIÊNCIAS E TECNOLOGIA
2051762,ECT1522,FUNDAMENTOS MATEMÁTICOS DA CRIPTOGRAFIA E TEORIA DOS CÓDIGOS,ESCOLA DE CIÊNCIAS E TECNOLOGIA
2051850,ECT1501,HISTÓRIA E FILOSOFIA DA CIÊNCIA E DA TECNOLOGIA,ESCOLA DE CIÊNCIAS E TECNOLOGIA
2051851,ECT1550,"POLÍTICAS DE GESTÃO EM CIÊNCIA, TECNOLOGIA E INOVAÇÃO",ESCOLA DE CIÊNCIAS E TECNOLOGIA
2051852,ECT1560,FUNDAMENTOS EM DESENVOLVIMENTO SUSTENTÁVEL,ESCOLA DE CIÊNCIAS E TECNOLOGIA
2051853,ECT1561,POLÍTICAS E RECURSOS ENERGÉTICOS PARA O DESENVOLVIMENTO SUSTENTÁVEL,ESCOLA DE CIÊNCIAS E TECNOLOGIA
2052000,ECT1901,PRÁTICAS DE LEITURA E ESCRITA III,ESCOLA DE CIÊNCIAS E TECNOLOGIA
